solid ascii
  facet normal -1.000000e+000 0.000000e+000 0.000000e+000
    outer loop
      vertex   -4.194999e+001 6.809991e+000 0.000000e+000
      vertex   -4.194999e+001 6.809991e+000 1.000000e+000
      vertex   -4.194999e+001 8.809991e+000 0.000000e+000
    endloop
  endfacet
  facet normal -1.000000e+000 0.000000e+000 0.000000e+000
    outer loop
      vertex   -4.194999e+001 8.809991e+000 0.000000e+000
      vertex   -4.194999e+001 6.809991e+000 1.000000e+000
      vertex   -4.194999e+001 8.809991e+000 1.000000e+000
    endloop
  endfacet
  facet normal 1.000000e+000 0.000000e+000 -0.000000e+000
    outer loop
      vertex   -4.694999e+001 8.809991e+000 0.000000e+000
      vertex   -4.694999e+001 8.809991e+000 1.000000e+000
      vertex   -4.694999e+001 6.809991e+000 0.000000e+000
    endloop
  endfacet
  facet normal 1.000000e+000 0.000000e+000 -0.000000e+000
    outer loop
      vertex   -4.694999e+001 6.809991e+000 0.000000e+000
      vertex   -4.694999e+001 8.809991e+000 1.000000e+000
      vertex   -4.694999e+001 6.809991e+000 1.000000e+000
    endloop
  endfacet
  facet normal -0.000000e+000 1.000000e+000 0.000000e+000
    outer loop
      vertex   -4.694999e+001 6.809991e+000 0.000000e+000
      vertex   -4.694999e+001 6.809991e+000 1.000000e+000
      vertex   -4.194999e+001 6.809991e+000 0.000000e+000
    endloop
  endfacet
  facet normal 0.000000e+000 1.000000e+000 -0.000000e+000
    outer loop
      vertex   -4.194999e+001 6.809991e+000 0.000000e+000
      vertex   -4.694999e+001 6.809991e+000 1.000000e+000
      vertex   -4.194999e+001 6.809991e+000 1.000000e+000
    endloop
  endfacet
  facet normal -0.000000e+000 0.000000e+000 1.000000e+000
    outer loop
      vertex   -4.194999e+001 8.809991e+000 1.000000e+000
      vertex   -4.194999e+001 6.809991e+000 1.000000e+000
      vertex   -2.527999e+001 8.809991e+000 1.000000e+000
    endloop
  endfacet
  facet normal 0.000000e+000 0.000000e+000 1.000000e+000
    outer loop
      vertex   -2.527999e+001 8.809991e+000 1.000000e+000
      vertex   -4.194999e+001 6.809991e+000 1.000000e+000
      vertex   -2.177999e+001 3.809991e+000 1.000000e+000
    endloop
  endfacet
  facet normal 0.000000e+000 0.000000e+000 1.000000e+000
    outer loop
      vertex   -2.148107e+001 3.821176e+000 1.000000e+000
      vertex   -2.527999e+001 8.809991e+000 1.000000e+000
      vertex   -2.177999e+001 3.809991e+000 1.000000e+000
    endloop
  endfacet
  facet normal 0.000000e+000 -0.000000e+000 1.000000e+000
    outer loop
      vertex   -2.148107e+001 3.821176e+000 1.000000e+000
      vertex   -2.118382e+001 3.854668e+000 1.000000e+000
      vertex   -2.527999e+001 8.809991e+000 1.000000e+000
    endloop
  endfacet
  facet normal -0.000000e+000 0.000000e+000 1.000000e+000
    outer loop
      vertex   -2.527999e+001 8.809991e+000 1.000000e+000
      vertex   -2.118382e+001 3.854668e+000 1.000000e+000
      vertex   -2.088991e+001 3.910279e+000 1.000000e+000
    endloop
  endfacet
  facet normal 0.000000e+000 0.000000e+000 1.000000e+000
    outer loop
      vertex   -2.060097e+001 3.987700e+000 1.000000e+000
      vertex   -2.527999e+001 8.809991e+000 1.000000e+000
      vertex   -2.088991e+001 3.910279e+000 1.000000e+000
    endloop
  endfacet
  facet normal 0.000000e+000 -0.000000e+000 1.000000e+000
    outer loop
      vertex   -2.060097e+001 3.987700e+000 1.000000e+000
      vertex   -2.031863e+001 4.086496e+000 1.000000e+000
      vertex   -2.527999e+001 8.809991e+000 1.000000e+000
    endloop
  endfacet
  facet normal -0.000000e+000 0.000000e+000 1.000000e+000
    outer loop
      vertex   -2.527999e+001 8.809991e+000 1.000000e+000
      vertex   -2.031863e+001 4.086496e+000 1.000000e+000
      vertex   -2.004446e+001 4.206115e+000 1.000000e+000
    endloop
  endfacet
  facet normal 0.000000e+000 0.000000e+000 1.000000e+000
    outer loop
      vertex   -1.977999e+001 4.345889e+000 1.000000e+000
      vertex   -2.527999e+001 8.809991e+000 1.000000e+000
      vertex   -2.004446e+001 4.206115e+000 1.000000e+000
    endloop
  endfacet
  facet normal 0.000000e+000 -0.000000e+000 1.000000e+000
    outer loop
      vertex   -1.977999e+001 4.345889e+000 1.000000e+000
      vertex   -1.952671e+001 4.505036e+000 1.000000e+000
      vertex   -2.527999e+001 8.809991e+000 1.000000e+000
    endloop
  endfacet
  facet normal -0.000000e+000 0.000000e+000 1.000000e+000
    outer loop
      vertex   -2.527999e+001 8.809991e+000 1.000000e+000
      vertex   -1.952671e+001 4.505036e+000 1.000000e+000
      vertex   -1.928603e+001 4.682665e+000 1.000000e+000
    endloop
  endfacet
  facet normal 0.000000e+000 0.000000e+000 1.000000e+000
    outer loop
      vertex   -1.905930e+001 4.877783e+000 1.000000e+000
      vertex   -2.527999e+001 8.809991e+000 1.000000e+000
      vertex   -1.928603e+001 4.682665e+000 1.000000e+000
    endloop
  endfacet
  facet normal 0.000000e+000 -0.000000e+000 1.000000e+000
    outer loop
      vertex   -1.905930e+001 4.877783e+000 1.000000e+000
      vertex   -1.884778e+001 5.089300e+000 1.000000e+000
      vertex   -2.527999e+001 8.809991e+000 1.000000e+000
    endloop
  endfacet
  facet normal -0.000000e+000 0.000000e+000 1.000000e+000
    outer loop
      vertex   -2.527999e+001 8.809991e+000 1.000000e+000
      vertex   -1.884778e+001 5.089300e+000 1.000000e+000
      vertex   -1.865267e+001 5.316032e+000 1.000000e+000
    endloop
  endfacet
  facet normal 0.000000e+000 0.000000e+000 1.000000e+000
    outer loop
      vertex   -1.847504e+001 5.556711e+000 1.000000e+000
      vertex   -2.527999e+001 8.809991e+000 1.000000e+000
      vertex   -1.865267e+001 5.316032e+000 1.000000e+000
    endloop
  endfacet
  facet normal 0.000000e+000 -0.000000e+000 1.000000e+000
    outer loop
      vertex   -1.847504e+001 5.556711e+000 1.000000e+000
      vertex   -1.831589e+001 5.809991e+000 1.000000e+000
      vertex   -2.527999e+001 8.809991e+000 1.000000e+000
    endloop
  endfacet
  facet normal -0.000000e+000 0.000000e+000 1.000000e+000
    outer loop
      vertex   -2.527999e+001 8.809991e+000 1.000000e+000
      vertex   -1.831589e+001 5.809991e+000 1.000000e+000
      vertex   -1.817612e+001 6.074456e+000 1.000000e+000
    endloop
  endfacet
  facet normal 0.000000e+000 0.000000e+000 1.000000e+000
    outer loop
      vertex   -1.805650e+001 6.348627e+000 1.000000e+000
      vertex   -2.527999e+001 8.809991e+000 1.000000e+000
      vertex   -1.817612e+001 6.074456e+000 1.000000e+000
    endloop
  endfacet
  facet normal 0.000000e+000 -0.000000e+000 1.000000e+000
    outer loop
      vertex   -1.805650e+001 6.348627e+000 1.000000e+000
      vertex   -1.795770e+001 6.630970e+000 1.000000e+000
      vertex   -2.527999e+001 8.809991e+000 1.000000e+000
    endloop
  endfacet
  facet normal -0.000000e+000 0.000000e+000 1.000000e+000
    outer loop
      vertex   -2.527999e+001 8.809991e+000 1.000000e+000
      vertex   -1.795770e+001 6.630970e+000 1.000000e+000
      vertex   -1.788028e+001 6.919907e+000 1.000000e+000
    endloop
  endfacet
  facet normal 0.000000e+000 0.000000e+000 1.000000e+000
    outer loop
      vertex   -1.782467e+001 7.213822e+000 1.000000e+000
      vertex   -2.527999e+001 8.809991e+000 1.000000e+000
      vertex   -1.788028e+001 6.919907e+000 1.000000e+000
    endloop
  endfacet
  facet normal 0.000000e+000 -0.000000e+000 1.000000e+000
    outer loop
      vertex   -1.782467e+001 7.213822e+000 1.000000e+000
      vertex   -1.779118e+001 7.511071e+000 1.000000e+000
      vertex   -2.527999e+001 8.809991e+000 1.000000e+000
    endloop
  endfacet
  facet normal -0.000000e+000 0.000000e+000 1.000000e+000
    outer loop
      vertex   -2.527999e+001 8.809991e+000 1.000000e+000
      vertex   -1.779118e+001 7.511071e+000 1.000000e+000
      vertex   -1.777999e+001 7.809991e+000 1.000000e+000
    endloop
  endfacet
  facet normal -0.000000e+000 -0.000000e+000 1.000000e+000
    outer loop
      vertex   -2.091322e+001 1.653069e+001 1.000000e+000
      vertex   -1.777999e+001 7.809991e+000 1.000000e+000
      vertex   -2.074708e+001 1.654740e+001 1.000000e+000
    endloop
  endfacet
  facet normal 0.000000e+000 0.000000e+000 1.000000e+000
    outer loop
      vertex   -2.091322e+001 1.653069e+001 1.000000e+000
      vertex   -2.527999e+001 8.809991e+000 1.000000e+000
      vertex   -1.777999e+001 7.809991e+000 1.000000e+000
    endloop
  endfacet
  facet normal 0.000000e+000 0.000000e+000 1.000000e+000
    outer loop
      vertex   -2.091322e+001 1.653069e+001 1.000000e+000
      vertex   -2.108011e+001 1.653627e+001 1.000000e+000
      vertex   -2.527999e+001 8.809991e+000 1.000000e+000
    endloop
  endfacet
  facet normal 0.000000e+000 -0.000000e+000 1.000000e+000
    outer loop
      vertex   -2.527999e+001 8.809991e+000 1.000000e+000
      vertex   -2.108011e+001 1.653627e+001 1.000000e+000
      vertex   -2.124477e+001 1.656404e+001 1.000000e+000
    endloop
  endfacet
  facet normal -0.000000e+000 0.000000e+000 1.000000e+000
    outer loop
      vertex   -2.140425e+001 1.661352e+001 1.000000e+000
      vertex   -2.527999e+001 8.809991e+000 1.000000e+000
      vertex   -2.124477e+001 1.656404e+001 1.000000e+000
    endloop
  endfacet
  facet normal 0.000000e+000 0.000000e+000 1.000000e+000
    outer loop
      vertex   -2.140425e+001 1.661352e+001 1.000000e+000
      vertex   -2.155572e+001 1.668380e+001 1.000000e+000
      vertex   -2.527999e+001 8.809991e+000 1.000000e+000
    endloop
  endfacet
  facet normal 0.000000e+000 -0.000000e+000 1.000000e+000
    outer loop
      vertex   -2.527999e+001 8.809991e+000 1.000000e+000
      vertex   -2.155572e+001 1.668380e+001 1.000000e+000
      vertex   -2.169647e+001 1.677365e+001 1.000000e+000
    endloop
  endfacet
  facet normal -0.000000e+000 0.000000e+000 1.000000e+000
    outer loop
      vertex   -2.182398e+001 1.688146e+001 1.000000e+000
      vertex   -2.527999e+001 8.809991e+000 1.000000e+000
      vertex   -2.169647e+001 1.677365e+001 1.000000e+000
    endloop
  endfacet
  facet normal 0.000000e+000 0.000000e+000 1.000000e+000
    outer loop
      vertex   -2.182398e+001 1.688146e+001 1.000000e+000
      vertex   -2.193599e+001 1.700530e+001 1.000000e+000
      vertex   -2.527999e+001 8.809991e+000 1.000000e+000
    endloop
  endfacet
  facet normal 0.000000e+000 -0.000000e+000 1.000000e+000
    outer loop
      vertex   -2.527999e+001 8.809991e+000 1.000000e+000
      vertex   -2.193599e+001 1.700530e+001 1.000000e+000
      vertex   -2.203049e+001 1.714297e+001 1.000000e+000
    endloop
  endfacet
  facet normal -0.000000e+000 0.000000e+000 1.000000e+000
    outer loop
      vertex   -2.210580e+001 1.729200e+001 1.000000e+000
      vertex   -2.527999e+001 8.809991e+000 1.000000e+000
      vertex   -2.203049e+001 1.714297e+001 1.000000e+000
    endloop
  endfacet
  facet normal 0.000000e+000 0.000000e+000 1.000000e+000
    outer loop
      vertex   -2.210580e+001 1.729200e+001 1.000000e+000
      vertex   -2.216058e+001 1.744975e+001 1.000000e+000
      vertex   -2.527999e+001 8.809991e+000 1.000000e+000
    endloop
  endfacet
  facet normal 0.000000e+000 -0.000000e+000 1.000000e+000
    outer loop
      vertex   -2.527999e+001 8.809991e+000 1.000000e+000
      vertex   -2.216058e+001 1.744975e+001 1.000000e+000
      vertex   -2.219384e+001 1.761338e+001 1.000000e+000
    endloop
  endfacet
  facet normal -0.000000e+000 0.000000e+000 1.000000e+000
    outer loop
      vertex   -2.220499e+001 1.777999e+001 1.000000e+000
      vertex   -2.527999e+001 8.809991e+000 1.000000e+000
      vertex   -2.219384e+001 1.761338e+001 1.000000e+000
    endloop
  endfacet
  facet normal 0.000000e+000 -0.000000e+000 1.000000e+000
    outer loop
      vertex   -2.220499e+001 1.777999e+001 1.000000e+000
      vertex   -2.219384e+001 1.794660e+001 1.000000e+000
      vertex   -2.527999e+001 8.809991e+000 1.000000e+000
    endloop
  endfacet
  facet normal 0.000000e+000 0.000000e+000 1.000000e+000
    outer loop
      vertex   -2.527999e+001 8.809991e+000 1.000000e+000
      vertex   -2.219384e+001 1.794660e+001 1.000000e+000
      vertex   -2.216058e+001 1.811024e+001 1.000000e+000
    endloop
  endfacet
  facet normal -0.000000e+000 0.000000e+000 1.000000e+000
    outer loop
      vertex   -2.527999e+001 4.444999e+001 1.000000e+000
      vertex   -2.216058e+001 1.811024e+001 1.000000e+000
      vertex   -2.210580e+001 1.826798e+001 1.000000e+000
    endloop
  endfacet
  facet normal 0.000000e+000 0.000000e+000 1.000000e+000
    outer loop
      vertex   -2.203049e+001 1.841701e+001 1.000000e+000
      vertex   -2.527999e+001 4.444999e+001 1.000000e+000
      vertex   -2.210580e+001 1.826798e+001 1.000000e+000
    endloop
  endfacet
  facet normal 0.000000e+000 -0.000000e+000 1.000000e+000
    outer loop
      vertex   -2.203049e+001 1.841701e+001 1.000000e+000
      vertex   -2.193599e+001 1.855468e+001 1.000000e+000
      vertex   -2.527999e+001 4.444999e+001 1.000000e+000
    endloop
  endfacet
  facet normal -0.000000e+000 0.000000e+000 1.000000e+000
    outer loop
      vertex   -2.527999e+001 4.444999e+001 1.000000e+000
      vertex   -2.193599e+001 1.855468e+001 1.000000e+000
      vertex   -2.182398e+001 1.867852e+001 1.000000e+000
    endloop
  endfacet
  facet normal 0.000000e+000 0.000000e+000 1.000000e+000
    outer loop
      vertex   -2.169647e+001 1.878633e+001 1.000000e+000
      vertex   -2.527999e+001 4.444999e+001 1.000000e+000
      vertex   -2.182398e+001 1.867852e+001 1.000000e+000
    endloop
  endfacet
  facet normal 0.000000e+000 -0.000000e+000 1.000000e+000
    outer loop
      vertex   -2.169647e+001 1.878633e+001 1.000000e+000
      vertex   -2.155572e+001 1.887618e+001 1.000000e+000
      vertex   -2.527999e+001 4.444999e+001 1.000000e+000
    endloop
  endfacet
  facet normal -0.000000e+000 0.000000e+000 1.000000e+000
    outer loop
      vertex   -2.527999e+001 4.444999e+001 1.000000e+000
      vertex   -2.155572e+001 1.887618e+001 1.000000e+000
      vertex   -2.140425e+001 1.894647e+001 1.000000e+000
    endloop
  endfacet
  facet normal 0.000000e+000 0.000000e+000 1.000000e+000
    outer loop
      vertex   -2.124477e+001 1.899594e+001 1.000000e+000
      vertex   -2.527999e+001 4.444999e+001 1.000000e+000
      vertex   -2.140425e+001 1.894647e+001 1.000000e+000
    endloop
  endfacet
  facet normal 0.000000e+000 -0.000000e+000 1.000000e+000
    outer loop
      vertex   -2.124477e+001 1.899594e+001 1.000000e+000
      vertex   -2.108011e+001 1.902371e+001 1.000000e+000
      vertex   -2.527999e+001 4.444999e+001 1.000000e+000
    endloop
  endfacet
  facet normal -0.000000e+000 0.000000e+000 1.000000e+000
    outer loop
      vertex   -2.527999e+001 4.444999e+001 1.000000e+000
      vertex   -2.108011e+001 1.902371e+001 1.000000e+000
      vertex   -2.091322e+001 1.902929e+001 1.000000e+000
    endloop
  endfacet
  facet normal 0.000000e+000 0.000000e+000 1.000000e+000
    outer loop
      vertex   -1.777999e+001 4.444999e+001 1.000000e+000
      vertex   -2.091322e+001 1.902929e+001 1.000000e+000
      vertex   -2.074708e+001 1.901258e+001 1.000000e+000
    endloop
  endfacet
  facet normal 0.000000e+000 -0.000000e+000 1.000000e+000
    outer loop
      vertex   -2.058465e+001 1.897387e+001 1.000000e+000
      vertex   -1.777999e+001 4.444999e+001 1.000000e+000
      vertex   -2.074708e+001 1.901258e+001 1.000000e+000
    endloop
  endfacet
  facet normal -0.000000e+000 0.000000e+000 1.000000e+000
    outer loop
      vertex   -2.058465e+001 1.897387e+001 1.000000e+000
      vertex   -2.042882e+001 1.891385e+001 1.000000e+000
      vertex   -1.777999e+001 4.444999e+001 1.000000e+000
    endloop
  endfacet
  facet normal 0.000000e+000 0.000000e+000 1.000000e+000
    outer loop
      vertex   -1.777999e+001 4.444999e+001 1.000000e+000
      vertex   -2.042882e+001 1.891385e+001 1.000000e+000
      vertex   -2.028239e+001 1.883361e+001 1.000000e+000
    endloop
  endfacet
  facet normal 0.000000e+000 -0.000000e+000 1.000000e+000
    outer loop
      vertex   -2.014796e+001 1.873456e+001 1.000000e+000
      vertex   -1.777999e+001 4.444999e+001 1.000000e+000
      vertex   -2.028239e+001 1.883361e+001 1.000000e+000
    endloop
  endfacet
  facet normal -0.000000e+000 0.000000e+000 1.000000e+000
    outer loop
      vertex   -2.014796e+001 1.873456e+001 1.000000e+000
      vertex   -2.002793e+001 1.861847e+001 1.000000e+000
      vertex   -1.777999e+001 4.444999e+001 1.000000e+000
    endloop
  endfacet
  facet normal 0.000000e+000 0.000000e+000 1.000000e+000
    outer loop
      vertex   -1.777999e+001 4.444999e+001 1.000000e+000
      vertex   -2.002793e+001 1.861847e+001 1.000000e+000
      vertex   -1.992444e+001 1.848742e+001 1.000000e+000
    endloop
  endfacet
  facet normal 0.000000e+000 -0.000000e+000 1.000000e+000
    outer loop
      vertex   -1.983934e+001 1.834375e+001 1.000000e+000
      vertex   -1.777999e+001 4.444999e+001 1.000000e+000
      vertex   -1.992444e+001 1.848742e+001 1.000000e+000
    endloop
  endfacet
  facet normal -0.000000e+000 0.000000e+000 1.000000e+000
    outer loop
      vertex   -1.983934e+001 1.834375e+001 1.000000e+000
      vertex   -1.977415e+001 1.819002e+001 1.000000e+000
      vertex   -1.777999e+001 4.444999e+001 1.000000e+000
    endloop
  endfacet
  facet normal 0.000000e+000 0.000000e+000 1.000000e+000
    outer loop
      vertex   -1.777999e+001 4.444999e+001 1.000000e+000
      vertex   -1.977415e+001 1.819002e+001 1.000000e+000
      vertex   -1.973004e+001 1.802897e+001 1.000000e+000
    endloop
  endfacet
  facet normal 0.000000e+000 -0.000000e+000 1.000000e+000
    outer loop
      vertex   -1.970778e+001 1.786348e+001 1.000000e+000
      vertex   -1.777999e+001 4.444999e+001 1.000000e+000
      vertex   -1.973004e+001 1.802897e+001 1.000000e+000
    endloop
  endfacet
  facet normal -0.000000e+000 0.000000e+000 1.000000e+000
    outer loop
      vertex   -1.970778e+001 1.786348e+001 1.000000e+000
      vertex   -1.777999e+001 7.809991e+000 1.000000e+000
      vertex   -1.777999e+001 4.444999e+001 1.000000e+000
    endloop
  endfacet
  facet normal 0.000000e+000 0.000000e+000 1.000000e+000
    outer loop
      vertex   -1.970778e+001 1.786348e+001 1.000000e+000
      vertex   -1.970778e+001 1.769650e+001 1.000000e+000
      vertex   -1.777999e+001 7.809991e+000 1.000000e+000
    endloop
  endfacet
  facet normal 0.000000e+000 0.000000e+000 1.000000e+000
    outer loop
      vertex   -1.777999e+001 7.809991e+000 1.000000e+000
      vertex   -1.970778e+001 1.769650e+001 1.000000e+000
      vertex   -1.973004e+001 1.753101e+001 1.000000e+000
    endloop
  endfacet
  facet normal -0.000000e+000 -0.000000e+000 1.000000e+000
    outer loop
      vertex   -1.977415e+001 1.736996e+001 1.000000e+000
      vertex   -1.777999e+001 7.809991e+000 1.000000e+000
      vertex   -1.973004e+001 1.753101e+001 1.000000e+000
    endloop
  endfacet
  facet normal 0.000000e+000 0.000000e+000 1.000000e+000
    outer loop
      vertex   -1.977415e+001 1.736996e+001 1.000000e+000
      vertex   -1.983934e+001 1.721623e+001 1.000000e+000
      vertex   -1.777999e+001 7.809991e+000 1.000000e+000
    endloop
  endfacet
  facet normal 0.000000e+000 0.000000e+000 1.000000e+000
    outer loop
      vertex   -1.777999e+001 7.809991e+000 1.000000e+000
      vertex   -1.983934e+001 1.721623e+001 1.000000e+000
      vertex   -1.992444e+001 1.707256e+001 1.000000e+000
    endloop
  endfacet
  facet normal -0.000000e+000 -0.000000e+000 1.000000e+000
    outer loop
      vertex   -2.002793e+001 1.694151e+001 1.000000e+000
      vertex   -1.777999e+001 7.809991e+000 1.000000e+000
      vertex   -1.992444e+001 1.707256e+001 1.000000e+000
    endloop
  endfacet
  facet normal 0.000000e+000 0.000000e+000 1.000000e+000
    outer loop
      vertex   -2.002793e+001 1.694151e+001 1.000000e+000
      vertex   -2.014796e+001 1.682543e+001 1.000000e+000
      vertex   -1.777999e+001 7.809991e+000 1.000000e+000
    endloop
  endfacet
  facet normal 0.000000e+000 0.000000e+000 1.000000e+000
    outer loop
      vertex   -1.777999e+001 7.809991e+000 1.000000e+000
      vertex   -2.014796e+001 1.682543e+001 1.000000e+000
      vertex   -2.028239e+001 1.672638e+001 1.000000e+000
    endloop
  endfacet
  facet normal -0.000000e+000 -0.000000e+000 1.000000e+000
    outer loop
      vertex   -2.042882e+001 1.664613e+001 1.000000e+000
      vertex   -1.777999e+001 7.809991e+000 1.000000e+000
      vertex   -2.028239e+001 1.672638e+001 1.000000e+000
    endloop
  endfacet
  facet normal 0.000000e+000 0.000000e+000 1.000000e+000
    outer loop
      vertex   -2.042882e+001 1.664613e+001 1.000000e+000
      vertex   -2.058465e+001 1.658611e+001 1.000000e+000
      vertex   -1.777999e+001 7.809991e+000 1.000000e+000
    endloop
  endfacet
  facet normal 0.000000e+000 0.000000e+000 1.000000e+000
    outer loop
      vertex   -1.777999e+001 7.809991e+000 1.000000e+000
      vertex   -2.058465e+001 1.658611e+001 1.000000e+000
      vertex   -2.074708e+001 1.654740e+001 1.000000e+000
    endloop
  endfacet
  facet normal 0.000000e+000 0.000000e+000 1.000000e+000
    outer loop
      vertex   -4.194999e+001 6.809991e+000 1.000000e+000
      vertex   -4.694999e+001 6.809991e+000 1.000000e+000
      vertex   -2.177999e+001 3.809991e+000 1.000000e+000
    endloop
  endfacet
  facet normal 0.000000e+000 0.000000e+000 1.000000e+000
    outer loop
      vertex   -2.177999e+001 3.809991e+000 1.000000e+000
      vertex   -4.694999e+001 6.809991e+000 1.000000e+000
      vertex   -6.711999e+001 3.809991e+000 1.000000e+000
    endloop
  endfacet
  facet normal 0.000000e+000 -0.000000e+000 1.000000e+000
    outer loop
      vertex   -6.711999e+001 3.809991e+000 1.000000e+000
      vertex   -4.694999e+001 6.809991e+000 1.000000e+000
      vertex   -6.361999e+001 8.809991e+000 1.000000e+000
    endloop
  endfacet
  facet normal 0.000000e+000 -0.000000e+000 1.000000e+000
    outer loop
      vertex   -7.005220e+001 5.089300e+000 1.000000e+000
      vertex   -6.361999e+001 8.809991e+000 1.000000e+000
      vertex   -7.024732e+001 5.316032e+000 1.000000e+000
    endloop
  endfacet
  facet normal -0.000000e+000 0.000000e+000 1.000000e+000
    outer loop
      vertex   -7.005220e+001 5.089300e+000 1.000000e+000
      vertex   -6.711999e+001 3.809991e+000 1.000000e+000
      vertex   -6.361999e+001 8.809991e+000 1.000000e+000
    endloop
  endfacet
  facet normal 0.000000e+000 0.000000e+000 1.000000e+000
    outer loop
      vertex   -7.005220e+001 5.089300e+000 1.000000e+000
      vertex   -6.984068e+001 4.877783e+000 1.000000e+000
      vertex   -6.711999e+001 3.809991e+000 1.000000e+000
    endloop
  endfacet
  facet normal 0.000000e+000 0.000000e+000 1.000000e+000
    outer loop
      vertex   -6.711999e+001 3.809991e+000 1.000000e+000
      vertex   -6.984068e+001 4.877783e+000 1.000000e+000
      vertex   -6.961395e+001 4.682665e+000 1.000000e+000
    endloop
  endfacet
  facet normal -0.000000e+000 -0.000000e+000 1.000000e+000
    outer loop
      vertex   -6.937327e+001 4.505036e+000 1.000000e+000
      vertex   -6.711999e+001 3.809991e+000 1.000000e+000
      vertex   -6.961395e+001 4.682665e+000 1.000000e+000
    endloop
  endfacet
  facet normal 0.000000e+000 0.000000e+000 1.000000e+000
    outer loop
      vertex   -6.937327e+001 4.505036e+000 1.000000e+000
      vertex   -6.911999e+001 4.345889e+000 1.000000e+000
      vertex   -6.711999e+001 3.809991e+000 1.000000e+000
    endloop
  endfacet
  facet normal 0.000000e+000 0.000000e+000 1.000000e+000
    outer loop
      vertex   -6.711999e+001 3.809991e+000 1.000000e+000
      vertex   -6.911999e+001 4.345889e+000 1.000000e+000
      vertex   -6.885553e+001 4.206115e+000 1.000000e+000
    endloop
  endfacet
  facet normal -0.000000e+000 -0.000000e+000 1.000000e+000
    outer loop
      vertex   -6.858136e+001 4.086496e+000 1.000000e+000
      vertex   -6.711999e+001 3.809991e+000 1.000000e+000
      vertex   -6.885553e+001 4.206115e+000 1.000000e+000
    endloop
  endfacet
  facet normal 0.000000e+000 0.000000e+000 1.000000e+000
    outer loop
      vertex   -6.858136e+001 4.086496e+000 1.000000e+000
      vertex   -6.829901e+001 3.987700e+000 1.000000e+000
      vertex   -6.711999e+001 3.809991e+000 1.000000e+000
    endloop
  endfacet
  facet normal 0.000000e+000 0.000000e+000 1.000000e+000
    outer loop
      vertex   -6.711999e+001 3.809991e+000 1.000000e+000
      vertex   -6.829901e+001 3.987700e+000 1.000000e+000
      vertex   -6.801007e+001 3.910279e+000 1.000000e+000
    endloop
  endfacet
  facet normal -0.000000e+000 -0.000000e+000 1.000000e+000
    outer loop
      vertex   -6.771616e+001 3.854668e+000 1.000000e+000
      vertex   -6.711999e+001 3.809991e+000 1.000000e+000
      vertex   -6.801007e+001 3.910279e+000 1.000000e+000
    endloop
  endfacet
  facet normal 0.000000e+000 0.000000e+000 1.000000e+000
    outer loop
      vertex   -6.771616e+001 3.854668e+000 1.000000e+000
      vertex   -6.741891e+001 3.821176e+000 1.000000e+000
      vertex   -6.711999e+001 3.809991e+000 1.000000e+000
    endloop
  endfacet
  facet normal 0.000000e+000 -0.000000e+000 1.000000e+000
    outer loop
      vertex   -4.694999e+001 6.809991e+000 1.000000e+000
      vertex   -4.694999e+001 8.809991e+000 1.000000e+000
      vertex   -6.361999e+001 8.809991e+000 1.000000e+000
    endloop
  endfacet
  facet normal 0.000000e+000 0.000000e+000 1.000000e+000
    outer loop
      vertex   -6.361999e+001 4.444999e+001 1.000000e+000
      vertex   -6.672004e+001 1.739397e+001 1.000000e+000
      vertex   -6.361999e+001 8.809991e+000 1.000000e+000
    endloop
  endfacet
  facet normal 0.000000e+000 0.000000e+000 1.000000e+000
    outer loop
      vertex   -6.361999e+001 4.444999e+001 1.000000e+000
      vertex   -6.676415e+001 1.755502e+001 1.000000e+000
      vertex   -6.672004e+001 1.739397e+001 1.000000e+000
    endloop
  endfacet
  facet normal 0.000000e+000 0.000000e+000 1.000000e+000
    outer loop
      vertex   -6.361999e+001 4.444999e+001 1.000000e+000
      vertex   -6.682934e+001 1.770875e+001 1.000000e+000
      vertex   -6.676415e+001 1.755502e+001 1.000000e+000
    endloop
  endfacet
  facet normal 0.000000e+000 0.000000e+000 1.000000e+000
    outer loop
      vertex   -6.361999e+001 4.444999e+001 1.000000e+000
      vertex   -6.691444e+001 1.785242e+001 1.000000e+000
      vertex   -6.682934e+001 1.770875e+001 1.000000e+000
    endloop
  endfacet
  facet normal 0.000000e+000 0.000000e+000 1.000000e+000
    outer loop
      vertex   -6.361999e+001 4.444999e+001 1.000000e+000
      vertex   -6.701793e+001 1.798347e+001 1.000000e+000
      vertex   -6.691444e+001 1.785242e+001 1.000000e+000
    endloop
  endfacet
  facet normal 0.000000e+000 0.000000e+000 1.000000e+000
    outer loop
      vertex   -6.361999e+001 4.444999e+001 1.000000e+000
      vertex   -6.713796e+001 1.809956e+001 1.000000e+000
      vertex   -6.701793e+001 1.798347e+001 1.000000e+000
    endloop
  endfacet
  facet normal 0.000000e+000 0.000000e+000 1.000000e+000
    outer loop
      vertex   -6.361999e+001 4.444999e+001 1.000000e+000
      vertex   -6.727239e+001 1.819861e+001 1.000000e+000
      vertex   -6.713796e+001 1.809956e+001 1.000000e+000
    endloop
  endfacet
  facet normal 0.000000e+000 0.000000e+000 1.000000e+000
    outer loop
      vertex   -6.361999e+001 4.444999e+001 1.000000e+000
      vertex   -6.741882e+001 1.827885e+001 1.000000e+000
      vertex   -6.727239e+001 1.819861e+001 1.000000e+000
    endloop
  endfacet
  facet normal 0.000000e+000 0.000000e+000 1.000000e+000
    outer loop
      vertex   -6.361999e+001 4.444999e+001 1.000000e+000
      vertex   -6.757465e+001 1.833887e+001 1.000000e+000
      vertex   -6.741882e+001 1.827885e+001 1.000000e+000
    endloop
  endfacet
  facet normal 0.000000e+000 0.000000e+000 1.000000e+000
    outer loop
      vertex   -6.361999e+001 4.444999e+001 1.000000e+000
      vertex   -6.773708e+001 1.837758e+001 1.000000e+000
      vertex   -6.757465e+001 1.833887e+001 1.000000e+000
    endloop
  endfacet
  facet normal 0.000000e+000 0.000000e+000 1.000000e+000
    outer loop
      vertex   -6.361999e+001 4.444999e+001 1.000000e+000
      vertex   -6.790322e+001 1.839429e+001 1.000000e+000
      vertex   -6.773708e+001 1.837758e+001 1.000000e+000
    endloop
  endfacet
  facet normal 0.000000e+000 0.000000e+000 1.000000e+000
    outer loop
      vertex   -6.361999e+001 4.444999e+001 1.000000e+000
      vertex   -7.111999e+001 4.444999e+001 1.000000e+000
      vertex   -6.790322e+001 1.839429e+001 1.000000e+000
    endloop
  endfacet
  facet normal 0.000000e+000 0.000000e+000 1.000000e+000
    outer loop
      vertex   -6.361999e+001 4.444999e+001 1.000000e+000
      vertex   -6.790322e+001 7.050569e+001 1.000000e+000
      vertex   -7.111999e+001 4.444999e+001 1.000000e+000
    endloop
  endfacet
  facet normal 0.000000e+000 0.000000e+000 1.000000e+000
    outer loop
      vertex   -6.361999e+001 4.444999e+001 1.000000e+000
      vertex   -6.773708e+001 7.052240e+001 1.000000e+000
      vertex   -6.790322e+001 7.050569e+001 1.000000e+000
    endloop
  endfacet
  facet normal 0.000000e+000 0.000000e+000 1.000000e+000
    outer loop
      vertex   -6.361999e+001 4.444999e+001 1.000000e+000
      vertex   -6.757465e+001 7.056111e+001 1.000000e+000
      vertex   -6.773708e+001 7.052240e+001 1.000000e+000
    endloop
  endfacet
  facet normal 0.000000e+000 0.000000e+000 1.000000e+000
    outer loop
      vertex   -6.361999e+001 4.444999e+001 1.000000e+000
      vertex   -6.741882e+001 7.062113e+001 1.000000e+000
      vertex   -6.757465e+001 7.056111e+001 1.000000e+000
    endloop
  endfacet
  facet normal 0.000000e+000 0.000000e+000 1.000000e+000
    outer loop
      vertex   -6.361999e+001 4.444999e+001 1.000000e+000
      vertex   -6.727239e+001 7.070138e+001 1.000000e+000
      vertex   -6.741882e+001 7.062113e+001 1.000000e+000
    endloop
  endfacet
  facet normal 0.000000e+000 0.000000e+000 1.000000e+000
    outer loop
      vertex   -6.361999e+001 4.444999e+001 1.000000e+000
      vertex   -6.713796e+001 7.080043e+001 1.000000e+000
      vertex   -6.727239e+001 7.070138e+001 1.000000e+000
    endloop
  endfacet
  facet normal 0.000000e+000 0.000000e+000 1.000000e+000
    outer loop
      vertex   -6.361999e+001 4.444999e+001 1.000000e+000
      vertex   -6.701793e+001 7.091651e+001 1.000000e+000
      vertex   -6.713796e+001 7.080043e+001 1.000000e+000
    endloop
  endfacet
  facet normal 0.000000e+000 0.000000e+000 1.000000e+000
    outer loop
      vertex   -6.361999e+001 4.444999e+001 1.000000e+000
      vertex   -6.691444e+001 7.104756e+001 1.000000e+000
      vertex   -6.701793e+001 7.091651e+001 1.000000e+000
    endloop
  endfacet
  facet normal 0.000000e+000 0.000000e+000 1.000000e+000
    outer loop
      vertex   -6.361999e+001 4.444999e+001 1.000000e+000
      vertex   -6.682934e+001 7.119123e+001 1.000000e+000
      vertex   -6.691444e+001 7.104756e+001 1.000000e+000
    endloop
  endfacet
  facet normal 0.000000e+000 0.000000e+000 1.000000e+000
    outer loop
      vertex   -6.361999e+001 4.444999e+001 1.000000e+000
      vertex   -6.676415e+001 7.134496e+001 1.000000e+000
      vertex   -6.682934e+001 7.119123e+001 1.000000e+000
    endloop
  endfacet
  facet normal 0.000000e+000 0.000000e+000 1.000000e+000
    outer loop
      vertex   -6.361999e+001 4.444999e+001 1.000000e+000
      vertex   -6.672004e+001 7.150601e+001 1.000000e+000
      vertex   -6.676415e+001 7.134496e+001 1.000000e+000
    endloop
  endfacet
  facet normal 0.000000e+000 0.000000e+000 1.000000e+000
    outer loop
      vertex   -6.361999e+001 4.444999e+001 1.000000e+000
      vertex   -6.361999e+001 8.008999e+001 1.000000e+000
      vertex   -6.672004e+001 7.150601e+001 1.000000e+000
    endloop
  endfacet
  facet normal 0.000000e+000 -0.000000e+000 1.000000e+000
    outer loop
      vertex   -6.672004e+001 7.150601e+001 1.000000e+000
      vertex   -6.361999e+001 8.008999e+001 1.000000e+000
      vertex   -6.669778e+001 7.167150e+001 1.000000e+000
    endloop
  endfacet
  facet normal 0.000000e+000 -0.000000e+000 1.000000e+000
    outer loop
      vertex   -6.669778e+001 7.167150e+001 1.000000e+000
      vertex   -6.361999e+001 8.008999e+001 1.000000e+000
      vertex   -6.669778e+001 7.183848e+001 1.000000e+000
    endloop
  endfacet
  facet normal 0.000000e+000 -0.000000e+000 1.000000e+000
    outer loop
      vertex   -6.669778e+001 7.183848e+001 1.000000e+000
      vertex   -6.361999e+001 8.008999e+001 1.000000e+000
      vertex   -6.672004e+001 7.200397e+001 1.000000e+000
    endloop
  endfacet
  facet normal 0.000000e+000 -0.000000e+000 1.000000e+000
    outer loop
      vertex   -6.672004e+001 7.200397e+001 1.000000e+000
      vertex   -6.361999e+001 8.008999e+001 1.000000e+000
      vertex   -6.676415e+001 7.216502e+001 1.000000e+000
    endloop
  endfacet
  facet normal 0.000000e+000 -0.000000e+000 1.000000e+000
    outer loop
      vertex   -6.676415e+001 7.216502e+001 1.000000e+000
      vertex   -6.361999e+001 8.008999e+001 1.000000e+000
      vertex   -6.682934e+001 7.231875e+001 1.000000e+000
    endloop
  endfacet
  facet normal 0.000000e+000 -0.000000e+000 1.000000e+000
    outer loop
      vertex   -6.682934e+001 7.231875e+001 1.000000e+000
      vertex   -6.361999e+001 8.008999e+001 1.000000e+000
      vertex   -6.691444e+001 7.246242e+001 1.000000e+000
    endloop
  endfacet
  facet normal 0.000000e+000 -0.000000e+000 1.000000e+000
    outer loop
      vertex   -6.691444e+001 7.246242e+001 1.000000e+000
      vertex   -6.361999e+001 8.008999e+001 1.000000e+000
      vertex   -6.701793e+001 7.259347e+001 1.000000e+000
    endloop
  endfacet
  facet normal 0.000000e+000 -0.000000e+000 1.000000e+000
    outer loop
      vertex   -6.701793e+001 7.259347e+001 1.000000e+000
      vertex   -6.361999e+001 8.008999e+001 1.000000e+000
      vertex   -6.713796e+001 7.270956e+001 1.000000e+000
    endloop
  endfacet
  facet normal 0.000000e+000 -0.000000e+000 1.000000e+000
    outer loop
      vertex   -6.713796e+001 7.270956e+001 1.000000e+000
      vertex   -6.361999e+001 8.008999e+001 1.000000e+000
      vertex   -6.727239e+001 7.280861e+001 1.000000e+000
    endloop
  endfacet
  facet normal 0.000000e+000 -0.000000e+000 1.000000e+000
    outer loop
      vertex   -6.727239e+001 7.280861e+001 1.000000e+000
      vertex   -6.361999e+001 8.008999e+001 1.000000e+000
      vertex   -6.741882e+001 7.288885e+001 1.000000e+000
    endloop
  endfacet
  facet normal 0.000000e+000 -0.000000e+000 1.000000e+000
    outer loop
      vertex   -6.741882e+001 7.288885e+001 1.000000e+000
      vertex   -6.361999e+001 8.008999e+001 1.000000e+000
      vertex   -6.757465e+001 7.294887e+001 1.000000e+000
    endloop
  endfacet
  facet normal 0.000000e+000 -0.000000e+000 1.000000e+000
    outer loop
      vertex   -6.757465e+001 7.294887e+001 1.000000e+000
      vertex   -6.361999e+001 8.008999e+001 1.000000e+000
      vertex   -6.773708e+001 7.298758e+001 1.000000e+000
    endloop
  endfacet
  facet normal 0.000000e+000 -0.000000e+000 1.000000e+000
    outer loop
      vertex   -6.773708e+001 7.298758e+001 1.000000e+000
      vertex   -6.361999e+001 8.008999e+001 1.000000e+000
      vertex   -6.790322e+001 7.300429e+001 1.000000e+000
    endloop
  endfacet
  facet normal 0.000000e+000 -0.000000e+000 1.000000e+000
    outer loop
      vertex   -6.790322e+001 7.300429e+001 1.000000e+000
      vertex   -6.361999e+001 8.008999e+001 1.000000e+000
      vertex   -7.111999e+001 8.108999e+001 1.000000e+000
    endloop
  endfacet
  facet normal 0.000000e+000 0.000000e+000 1.000000e+000
    outer loop
      vertex   -6.807011e+001 7.299871e+001 1.000000e+000
      vertex   -7.111999e+001 8.108999e+001 1.000000e+000
      vertex   -6.823477e+001 7.297094e+001 1.000000e+000
    endloop
  endfacet
  facet normal 0.000000e+000 -0.000000e+000 1.000000e+000
    outer loop
      vertex   -6.807011e+001 7.299871e+001 1.000000e+000
      vertex   -6.790322e+001 7.300429e+001 1.000000e+000
      vertex   -7.111999e+001 8.108999e+001 1.000000e+000
    endloop
  endfacet
  facet normal 0.000000e+000 0.000000e+000 1.000000e+000
    outer loop
      vertex   -2.527999e+001 8.008999e+001 1.000000e+000
      vertex   -6.711999e+001 8.508999e+001 1.000000e+000
      vertex   -6.361999e+001 8.008999e+001 1.000000e+000
    endloop
  endfacet
  facet normal 0.000000e+000 -0.000000e+000 1.000000e+000
    outer loop
      vertex   -2.527999e+001 8.008999e+001 1.000000e+000
      vertex   -2.177999e+001 8.508999e+001 1.000000e+000
      vertex   -6.711999e+001 8.508999e+001 1.000000e+000
    endloop
  endfacet
  facet normal 0.000000e+000 -0.000000e+000 1.000000e+000
    outer loop
      vertex   -2.527999e+001 8.008999e+001 1.000000e+000
      vertex   -1.884778e+001 8.381068e+001 1.000000e+000
      vertex   -2.177999e+001 8.508999e+001 1.000000e+000
    endloop
  endfacet
  facet normal 0.000000e+000 -0.000000e+000 1.000000e+000
    outer loop
      vertex   -2.527999e+001 8.008999e+001 1.000000e+000
      vertex   -1.865267e+001 8.358395e+001 1.000000e+000
      vertex   -1.884778e+001 8.381068e+001 1.000000e+000
    endloop
  endfacet
  facet normal 0.000000e+000 -0.000000e+000 1.000000e+000
    outer loop
      vertex   -2.527999e+001 8.008999e+001 1.000000e+000
      vertex   -1.847504e+001 8.334327e+001 1.000000e+000
      vertex   -1.865267e+001 8.358395e+001 1.000000e+000
    endloop
  endfacet
  facet normal 0.000000e+000 -0.000000e+000 1.000000e+000
    outer loop
      vertex   -2.527999e+001 8.008999e+001 1.000000e+000
      vertex   -1.831589e+001 8.308999e+001 1.000000e+000
      vertex   -1.847504e+001 8.334327e+001 1.000000e+000
    endloop
  endfacet
  facet normal 0.000000e+000 -0.000000e+000 1.000000e+000
    outer loop
      vertex   -2.527999e+001 8.008999e+001 1.000000e+000
      vertex   -1.817612e+001 8.282553e+001 1.000000e+000
      vertex   -1.831589e+001 8.308999e+001 1.000000e+000
    endloop
  endfacet
  facet normal 0.000000e+000 -0.000000e+000 1.000000e+000
    outer loop
      vertex   -2.527999e+001 8.008999e+001 1.000000e+000
      vertex   -1.805650e+001 8.255136e+001 1.000000e+000
      vertex   -1.817612e+001 8.282553e+001 1.000000e+000
    endloop
  endfacet
  facet normal 0.000000e+000 -0.000000e+000 1.000000e+000
    outer loop
      vertex   -2.527999e+001 8.008999e+001 1.000000e+000
      vertex   -1.795770e+001 8.226901e+001 1.000000e+000
      vertex   -1.805650e+001 8.255136e+001 1.000000e+000
    endloop
  endfacet
  facet normal 0.000000e+000 -0.000000e+000 1.000000e+000
    outer loop
      vertex   -2.527999e+001 8.008999e+001 1.000000e+000
      vertex   -1.788028e+001 8.198007e+001 1.000000e+000
      vertex   -1.795770e+001 8.226901e+001 1.000000e+000
    endloop
  endfacet
  facet normal 0.000000e+000 -0.000000e+000 1.000000e+000
    outer loop
      vertex   -2.527999e+001 8.008999e+001 1.000000e+000
      vertex   -1.782467e+001 8.168616e+001 1.000000e+000
      vertex   -1.788028e+001 8.198007e+001 1.000000e+000
    endloop
  endfacet
  facet normal 0.000000e+000 -0.000000e+000 1.000000e+000
    outer loop
      vertex   -2.527999e+001 8.008999e+001 1.000000e+000
      vertex   -1.779118e+001 8.138891e+001 1.000000e+000
      vertex   -1.782467e+001 8.168616e+001 1.000000e+000
    endloop
  endfacet
  facet normal 0.000000e+000 -0.000000e+000 1.000000e+000
    outer loop
      vertex   -2.527999e+001 8.008999e+001 1.000000e+000
      vertex   -1.777999e+001 8.108999e+001 1.000000e+000
      vertex   -1.779118e+001 8.138891e+001 1.000000e+000
    endloop
  endfacet
  facet normal -0.000000e+000 0.000000e+000 1.000000e+000
    outer loop
      vertex   -2.527999e+001 8.008999e+001 1.000000e+000
      vertex   -2.091322e+001 7.236929e+001 1.000000e+000
      vertex   -1.777999e+001 8.108999e+001 1.000000e+000
    endloop
  endfacet
  facet normal -0.000000e+000 0.000000e+000 1.000000e+000
    outer loop
      vertex   -2.527999e+001 8.008999e+001 1.000000e+000
      vertex   -2.108011e+001 7.236371e+001 1.000000e+000
      vertex   -2.091322e+001 7.236929e+001 1.000000e+000
    endloop
  endfacet
  facet normal -0.000000e+000 0.000000e+000 1.000000e+000
    outer loop
      vertex   -2.527999e+001 8.008999e+001 1.000000e+000
      vertex   -2.124477e+001 7.233594e+001 1.000000e+000
      vertex   -2.108011e+001 7.236371e+001 1.000000e+000
    endloop
  endfacet
  facet normal -0.000000e+000 0.000000e+000 1.000000e+000
    outer loop
      vertex   -2.527999e+001 8.008999e+001 1.000000e+000
      vertex   -2.140425e+001 7.228647e+001 1.000000e+000
      vertex   -2.124477e+001 7.233594e+001 1.000000e+000
    endloop
  endfacet
  facet normal -0.000000e+000 0.000000e+000 1.000000e+000
    outer loop
      vertex   -2.527999e+001 8.008999e+001 1.000000e+000
      vertex   -2.155572e+001 7.221618e+001 1.000000e+000
      vertex   -2.140425e+001 7.228647e+001 1.000000e+000
    endloop
  endfacet
  facet normal -0.000000e+000 0.000000e+000 1.000000e+000
    outer loop
      vertex   -2.527999e+001 8.008999e+001 1.000000e+000
      vertex   -2.169647e+001 7.212633e+001 1.000000e+000
      vertex   -2.155572e+001 7.221618e+001 1.000000e+000
    endloop
  endfacet
  facet normal -0.000000e+000 0.000000e+000 1.000000e+000
    outer loop
      vertex   -2.527999e+001 8.008999e+001 1.000000e+000
      vertex   -2.182398e+001 7.201852e+001 1.000000e+000
      vertex   -2.169647e+001 7.212633e+001 1.000000e+000
    endloop
  endfacet
  facet normal -0.000000e+000 0.000000e+000 1.000000e+000
    outer loop
      vertex   -2.527999e+001 8.008999e+001 1.000000e+000
      vertex   -2.193599e+001 7.189468e+001 1.000000e+000
      vertex   -2.182398e+001 7.201852e+001 1.000000e+000
    endloop
  endfacet
  facet normal -0.000000e+000 0.000000e+000 1.000000e+000
    outer loop
      vertex   -2.527999e+001 8.008999e+001 1.000000e+000
      vertex   -2.203049e+001 7.175701e+001 1.000000e+000
      vertex   -2.193599e+001 7.189468e+001 1.000000e+000
    endloop
  endfacet
  facet normal -0.000000e+000 0.000000e+000 1.000000e+000
    outer loop
      vertex   -2.527999e+001 8.008999e+001 1.000000e+000
      vertex   -2.210580e+001 7.160798e+001 1.000000e+000
      vertex   -2.203049e+001 7.175701e+001 1.000000e+000
    endloop
  endfacet
  facet normal -0.000000e+000 0.000000e+000 1.000000e+000
    outer loop
      vertex   -2.527999e+001 8.008999e+001 1.000000e+000
      vertex   -2.216058e+001 7.145024e+001 1.000000e+000
      vertex   -2.210580e+001 7.160798e+001 1.000000e+000
    endloop
  endfacet
  facet normal -0.000000e+000 0.000000e+000 1.000000e+000
    outer loop
      vertex   -2.527999e+001 8.008999e+001 1.000000e+000
      vertex   -2.219384e+001 7.128660e+001 1.000000e+000
      vertex   -2.216058e+001 7.145024e+001 1.000000e+000
    endloop
  endfacet
  facet normal -0.000000e+000 0.000000e+000 1.000000e+000
    outer loop
      vertex   -2.527999e+001 8.008999e+001 1.000000e+000
      vertex   -2.220499e+001 7.111999e+001 1.000000e+000
      vertex   -2.219384e+001 7.128660e+001 1.000000e+000
    endloop
  endfacet
  facet normal -0.000000e+000 -0.000000e+000 1.000000e+000
    outer loop
      vertex   -2.527999e+001 8.008999e+001 1.000000e+000
      vertex   -2.219384e+001 7.095338e+001 1.000000e+000
      vertex   -2.220499e+001 7.111999e+001 1.000000e+000
    endloop
  endfacet
  facet normal -0.000000e+000 -0.000000e+000 1.000000e+000
    outer loop
      vertex   -2.527999e+001 8.008999e+001 1.000000e+000
      vertex   -2.216058e+001 7.078975e+001 1.000000e+000
      vertex   -2.219384e+001 7.095338e+001 1.000000e+000
    endloop
  endfacet
  facet normal -0.000000e+000 0.000000e+000 1.000000e+000
    outer loop
      vertex   -2.527999e+001 8.008999e+001 1.000000e+000
      vertex   -2.527999e+001 4.444999e+001 1.000000e+000
      vertex   -2.216058e+001 7.078975e+001 1.000000e+000
    endloop
  endfacet
  facet normal -0.000000e+000 0.000000e+000 1.000000e+000
    outer loop
      vertex   -2.216058e+001 7.078975e+001 1.000000e+000
      vertex   -2.527999e+001 4.444999e+001 1.000000e+000
      vertex   -2.210580e+001 7.063200e+001 1.000000e+000
    endloop
  endfacet
  facet normal -0.000000e+000 0.000000e+000 1.000000e+000
    outer loop
      vertex   -2.210580e+001 7.063200e+001 1.000000e+000
      vertex   -2.527999e+001 4.444999e+001 1.000000e+000
      vertex   -2.203049e+001 7.048297e+001 1.000000e+000
    endloop
  endfacet
  facet normal -0.000000e+000 0.000000e+000 1.000000e+000
    outer loop
      vertex   -2.203049e+001 7.048297e+001 1.000000e+000
      vertex   -2.527999e+001 4.444999e+001 1.000000e+000
      vertex   -2.193599e+001 7.034530e+001 1.000000e+000
    endloop
  endfacet
  facet normal -0.000000e+000 0.000000e+000 1.000000e+000
    outer loop
      vertex   -2.193599e+001 7.034530e+001 1.000000e+000
      vertex   -2.527999e+001 4.444999e+001 1.000000e+000
      vertex   -2.182398e+001 7.022146e+001 1.000000e+000
    endloop
  endfacet
  facet normal -0.000000e+000 0.000000e+000 1.000000e+000
    outer loop
      vertex   -2.182398e+001 7.022146e+001 1.000000e+000
      vertex   -2.527999e+001 4.444999e+001 1.000000e+000
      vertex   -2.169647e+001 7.011365e+001 1.000000e+000
    endloop
  endfacet
  facet normal -0.000000e+000 0.000000e+000 1.000000e+000
    outer loop
      vertex   -2.169647e+001 7.011365e+001 1.000000e+000
      vertex   -2.527999e+001 4.444999e+001 1.000000e+000
      vertex   -2.155572e+001 7.002380e+001 1.000000e+000
    endloop
  endfacet
  facet normal -0.000000e+000 0.000000e+000 1.000000e+000
    outer loop
      vertex   -2.155572e+001 7.002380e+001 1.000000e+000
      vertex   -2.527999e+001 4.444999e+001 1.000000e+000
      vertex   -2.140425e+001 6.995352e+001 1.000000e+000
    endloop
  endfacet
  facet normal -0.000000e+000 0.000000e+000 1.000000e+000
    outer loop
      vertex   -2.140425e+001 6.995352e+001 1.000000e+000
      vertex   -2.527999e+001 4.444999e+001 1.000000e+000
      vertex   -2.124477e+001 6.990404e+001 1.000000e+000
    endloop
  endfacet
  facet normal -0.000000e+000 0.000000e+000 1.000000e+000
    outer loop
      vertex   -2.124477e+001 6.990404e+001 1.000000e+000
      vertex   -2.527999e+001 4.444999e+001 1.000000e+000
      vertex   -2.108011e+001 6.987627e+001 1.000000e+000
    endloop
  endfacet
  facet normal -0.000000e+000 0.000000e+000 1.000000e+000
    outer loop
      vertex   -2.108011e+001 6.987627e+001 1.000000e+000
      vertex   -2.527999e+001 4.444999e+001 1.000000e+000
      vertex   -2.091322e+001 6.987069e+001 1.000000e+000
    endloop
  endfacet
  facet normal -0.000000e+000 0.000000e+000 1.000000e+000
    outer loop
      vertex   -2.091322e+001 6.987069e+001 1.000000e+000
      vertex   -2.527999e+001 4.444999e+001 1.000000e+000
      vertex   -1.777999e+001 4.444999e+001 1.000000e+000
    endloop
  endfacet
  facet normal -0.000000e+000 -0.000000e+000 1.000000e+000
    outer loop
      vertex   -2.074708e+001 6.988740e+001 1.000000e+000
      vertex   -1.777999e+001 4.444999e+001 1.000000e+000
      vertex   -2.058465e+001 6.992611e+001 1.000000e+000
    endloop
  endfacet
  facet normal 0.000000e+000 0.000000e+000 1.000000e+000
    outer loop
      vertex   -2.074708e+001 6.988740e+001 1.000000e+000
      vertex   -2.091322e+001 6.987069e+001 1.000000e+000
      vertex   -1.777999e+001 4.444999e+001 1.000000e+000
    endloop
  endfacet
  facet normal -0.000000e+000 0.000000e+000 1.000000e+000
    outer loop
      vertex   -2.527999e+001 4.444999e+001 1.000000e+000
      vertex   -2.527999e+001 8.809991e+000 1.000000e+000
      vertex   -2.216058e+001 1.811024e+001 1.000000e+000
    endloop
  endfacet
  facet normal -0.000000e+000 0.000000e+000 1.000000e+000
    outer loop
      vertex   -2.527999e+001 4.444999e+001 1.000000e+000
      vertex   -2.091322e+001 1.902929e+001 1.000000e+000
      vertex   -1.777999e+001 4.444999e+001 1.000000e+000
    endloop
  endfacet
  facet normal -0.000000e+000 0.000000e+000 1.000000e+000
    outer loop
      vertex   -2.091322e+001 7.236929e+001 1.000000e+000
      vertex   -2.074708e+001 7.235258e+001 1.000000e+000
      vertex   -1.777999e+001 8.108999e+001 1.000000e+000
    endloop
  endfacet
  facet normal 0.000000e+000 0.000000e+000 1.000000e+000
    outer loop
      vertex   -1.777999e+001 8.108999e+001 1.000000e+000
      vertex   -2.074708e+001 7.235258e+001 1.000000e+000
      vertex   -2.058465e+001 7.231387e+001 1.000000e+000
    endloop
  endfacet
  facet normal 0.000000e+000 -0.000000e+000 1.000000e+000
    outer loop
      vertex   -2.042882e+001 7.225385e+001 1.000000e+000
      vertex   -1.777999e+001 8.108999e+001 1.000000e+000
      vertex   -2.058465e+001 7.231387e+001 1.000000e+000
    endloop
  endfacet
  facet normal -0.000000e+000 0.000000e+000 1.000000e+000
    outer loop
      vertex   -2.042882e+001 7.225385e+001 1.000000e+000
      vertex   -2.028239e+001 7.217361e+001 1.000000e+000
      vertex   -1.777999e+001 8.108999e+001 1.000000e+000
    endloop
  endfacet
  facet normal 0.000000e+000 0.000000e+000 1.000000e+000
    outer loop
      vertex   -1.777999e+001 8.108999e+001 1.000000e+000
      vertex   -2.028239e+001 7.217361e+001 1.000000e+000
      vertex   -2.014796e+001 7.207456e+001 1.000000e+000
    endloop
  endfacet
  facet normal 0.000000e+000 -0.000000e+000 1.000000e+000
    outer loop
      vertex   -2.002793e+001 7.195847e+001 1.000000e+000
      vertex   -1.777999e+001 8.108999e+001 1.000000e+000
      vertex   -2.014796e+001 7.207456e+001 1.000000e+000
    endloop
  endfacet
  facet normal -0.000000e+000 0.000000e+000 1.000000e+000
    outer loop
      vertex   -2.002793e+001 7.195847e+001 1.000000e+000
      vertex   -1.992444e+001 7.182742e+001 1.000000e+000
      vertex   -1.777999e+001 8.108999e+001 1.000000e+000
    endloop
  endfacet
  facet normal 0.000000e+000 0.000000e+000 1.000000e+000
    outer loop
      vertex   -1.777999e+001 8.108999e+001 1.000000e+000
      vertex   -1.992444e+001 7.182742e+001 1.000000e+000
      vertex   -1.983934e+001 7.168375e+001 1.000000e+000
    endloop
  endfacet
  facet normal 0.000000e+000 -0.000000e+000 1.000000e+000
    outer loop
      vertex   -1.977415e+001 7.153002e+001 1.000000e+000
      vertex   -1.777999e+001 8.108999e+001 1.000000e+000
      vertex   -1.983934e+001 7.168375e+001 1.000000e+000
    endloop
  endfacet
  facet normal -0.000000e+000 0.000000e+000 1.000000e+000
    outer loop
      vertex   -1.977415e+001 7.153002e+001 1.000000e+000
      vertex   -1.973004e+001 7.136897e+001 1.000000e+000
      vertex   -1.777999e+001 8.108999e+001 1.000000e+000
    endloop
  endfacet
  facet normal 0.000000e+000 0.000000e+000 1.000000e+000
    outer loop
      vertex   -1.777999e+001 8.108999e+001 1.000000e+000
      vertex   -1.973004e+001 7.136897e+001 1.000000e+000
      vertex   -1.970778e+001 7.120348e+001 1.000000e+000
    endloop
  endfacet
  facet normal 0.000000e+000 -0.000000e+000 1.000000e+000
    outer loop
      vertex   -1.970778e+001 7.103650e+001 1.000000e+000
      vertex   -1.777999e+001 8.108999e+001 1.000000e+000
      vertex   -1.970778e+001 7.120348e+001 1.000000e+000
    endloop
  endfacet
  facet normal -0.000000e+000 0.000000e+000 1.000000e+000
    outer loop
      vertex   -1.970778e+001 7.103650e+001 1.000000e+000
      vertex   -1.777999e+001 4.444999e+001 1.000000e+000
      vertex   -1.777999e+001 8.108999e+001 1.000000e+000
    endloop
  endfacet
  facet normal 0.000000e+000 0.000000e+000 1.000000e+000
    outer loop
      vertex   -1.970778e+001 7.103650e+001 1.000000e+000
      vertex   -1.973004e+001 7.087101e+001 1.000000e+000
      vertex   -1.777999e+001 4.444999e+001 1.000000e+000
    endloop
  endfacet
  facet normal 0.000000e+000 0.000000e+000 1.000000e+000
    outer loop
      vertex   -1.777999e+001 4.444999e+001 1.000000e+000
      vertex   -1.973004e+001 7.087101e+001 1.000000e+000
      vertex   -1.977415e+001 7.070996e+001 1.000000e+000
    endloop
  endfacet
  facet normal -0.000000e+000 -0.000000e+000 1.000000e+000
    outer loop
      vertex   -1.983934e+001 7.055623e+001 1.000000e+000
      vertex   -1.777999e+001 4.444999e+001 1.000000e+000
      vertex   -1.977415e+001 7.070996e+001 1.000000e+000
    endloop
  endfacet
  facet normal 0.000000e+000 0.000000e+000 1.000000e+000
    outer loop
      vertex   -1.983934e+001 7.055623e+001 1.000000e+000
      vertex   -1.992444e+001 7.041256e+001 1.000000e+000
      vertex   -1.777999e+001 4.444999e+001 1.000000e+000
    endloop
  endfacet
  facet normal 0.000000e+000 0.000000e+000 1.000000e+000
    outer loop
      vertex   -1.777999e+001 4.444999e+001 1.000000e+000
      vertex   -1.992444e+001 7.041256e+001 1.000000e+000
      vertex   -2.002793e+001 7.028151e+001 1.000000e+000
    endloop
  endfacet
  facet normal -0.000000e+000 -0.000000e+000 1.000000e+000
    outer loop
      vertex   -2.014796e+001 7.016543e+001 1.000000e+000
      vertex   -1.777999e+001 4.444999e+001 1.000000e+000
      vertex   -2.002793e+001 7.028151e+001 1.000000e+000
    endloop
  endfacet
  facet normal 0.000000e+000 0.000000e+000 1.000000e+000
    outer loop
      vertex   -2.014796e+001 7.016543e+001 1.000000e+000
      vertex   -2.028239e+001 7.006638e+001 1.000000e+000
      vertex   -1.777999e+001 4.444999e+001 1.000000e+000
    endloop
  endfacet
  facet normal 0.000000e+000 0.000000e+000 1.000000e+000
    outer loop
      vertex   -1.777999e+001 4.444999e+001 1.000000e+000
      vertex   -2.028239e+001 7.006638e+001 1.000000e+000
      vertex   -2.042882e+001 6.998613e+001 1.000000e+000
    endloop
  endfacet
  facet normal -0.000000e+000 -0.000000e+000 1.000000e+000
    outer loop
      vertex   -2.058465e+001 6.992611e+001 1.000000e+000
      vertex   -1.777999e+001 4.444999e+001 1.000000e+000
      vertex   -2.042882e+001 6.998613e+001 1.000000e+000
    endloop
  endfacet
  facet normal 0.000000e+000 0.000000e+000 1.000000e+000
    outer loop
      vertex   -6.918384e+001 7.158838e+001 1.000000e+000
      vertex   -6.919499e+001 7.175499e+001 1.000000e+000
      vertex   -7.111999e+001 8.108999e+001 1.000000e+000
    endloop
  endfacet
  facet normal 0.000000e+000 -0.000000e+000 1.000000e+000
    outer loop
      vertex   -7.111999e+001 4.444999e+001 1.000000e+000
      vertex   -6.918384e+001 7.158838e+001 1.000000e+000
      vertex   -7.111999e+001 8.108999e+001 1.000000e+000
    endloop
  endfacet
  facet normal 0.000000e+000 -0.000000e+000 1.000000e+000
    outer loop
      vertex   -7.111999e+001 4.444999e+001 1.000000e+000
      vertex   -6.915058e+001 7.142475e+001 1.000000e+000
      vertex   -6.918384e+001 7.158838e+001 1.000000e+000
    endloop
  endfacet
  facet normal 0.000000e+000 -0.000000e+000 1.000000e+000
    outer loop
      vertex   -7.111999e+001 4.444999e+001 1.000000e+000
      vertex   -6.909580e+001 7.126700e+001 1.000000e+000
      vertex   -6.915058e+001 7.142475e+001 1.000000e+000
    endloop
  endfacet
  facet normal 0.000000e+000 -0.000000e+000 1.000000e+000
    outer loop
      vertex   -7.111999e+001 4.444999e+001 1.000000e+000
      vertex   -6.902049e+001 7.111797e+001 1.000000e+000
      vertex   -6.909580e+001 7.126700e+001 1.000000e+000
    endloop
  endfacet
  facet normal 0.000000e+000 -0.000000e+000 1.000000e+000
    outer loop
      vertex   -7.111999e+001 4.444999e+001 1.000000e+000
      vertex   -6.892599e+001 7.098030e+001 1.000000e+000
      vertex   -6.902049e+001 7.111797e+001 1.000000e+000
    endloop
  endfacet
  facet normal 0.000000e+000 -0.000000e+000 1.000000e+000
    outer loop
      vertex   -7.111999e+001 4.444999e+001 1.000000e+000
      vertex   -6.881398e+001 7.085646e+001 1.000000e+000
      vertex   -6.892599e+001 7.098030e+001 1.000000e+000
    endloop
  endfacet
  facet normal 0.000000e+000 -0.000000e+000 1.000000e+000
    outer loop
      vertex   -7.111999e+001 4.444999e+001 1.000000e+000
      vertex   -6.868647e+001 7.074865e+001 1.000000e+000
      vertex   -6.881398e+001 7.085646e+001 1.000000e+000
    endloop
  endfacet
  facet normal 0.000000e+000 -0.000000e+000 1.000000e+000
    outer loop
      vertex   -7.111999e+001 4.444999e+001 1.000000e+000
      vertex   -6.854572e+001 7.065880e+001 1.000000e+000
      vertex   -6.868647e+001 7.074865e+001 1.000000e+000
    endloop
  endfacet
  facet normal 0.000000e+000 -0.000000e+000 1.000000e+000
    outer loop
      vertex   -7.111999e+001 4.444999e+001 1.000000e+000
      vertex   -6.839425e+001 7.058852e+001 1.000000e+000
      vertex   -6.854572e+001 7.065880e+001 1.000000e+000
    endloop
  endfacet
  facet normal 0.000000e+000 -0.000000e+000 1.000000e+000
    outer loop
      vertex   -7.111999e+001 4.444999e+001 1.000000e+000
      vertex   -6.823477e+001 7.053904e+001 1.000000e+000
      vertex   -6.839425e+001 7.058852e+001 1.000000e+000
    endloop
  endfacet
  facet normal 0.000000e+000 -0.000000e+000 1.000000e+000
    outer loop
      vertex   -7.111999e+001 4.444999e+001 1.000000e+000
      vertex   -6.807011e+001 7.051127e+001 1.000000e+000
      vertex   -6.823477e+001 7.053904e+001 1.000000e+000
    endloop
  endfacet
  facet normal 0.000000e+000 -0.000000e+000 1.000000e+000
    outer loop
      vertex   -7.111999e+001 4.444999e+001 1.000000e+000
      vertex   -6.790322e+001 7.050569e+001 1.000000e+000
      vertex   -6.807011e+001 7.051127e+001 1.000000e+000
    endloop
  endfacet
  facet normal 0.000000e+000 -0.000000e+000 1.000000e+000
    outer loop
      vertex   -6.919499e+001 7.175499e+001 1.000000e+000
      vertex   -6.918384e+001 7.192160e+001 1.000000e+000
      vertex   -7.111999e+001 8.108999e+001 1.000000e+000
    endloop
  endfacet
  facet normal -0.000000e+000 0.000000e+000 1.000000e+000
    outer loop
      vertex   -7.111999e+001 8.108999e+001 1.000000e+000
      vertex   -6.918384e+001 7.192160e+001 1.000000e+000
      vertex   -6.915058e+001 7.208524e+001 1.000000e+000
    endloop
  endfacet
  facet normal 0.000000e+000 0.000000e+000 1.000000e+000
    outer loop
      vertex   -6.909580e+001 7.224298e+001 1.000000e+000
      vertex   -7.111999e+001 8.108999e+001 1.000000e+000
      vertex   -6.915058e+001 7.208524e+001 1.000000e+000
    endloop
  endfacet
  facet normal 0.000000e+000 -0.000000e+000 1.000000e+000
    outer loop
      vertex   -6.909580e+001 7.224298e+001 1.000000e+000
      vertex   -6.902049e+001 7.239201e+001 1.000000e+000
      vertex   -7.111999e+001 8.108999e+001 1.000000e+000
    endloop
  endfacet
  facet normal -0.000000e+000 0.000000e+000 1.000000e+000
    outer loop
      vertex   -7.111999e+001 8.108999e+001 1.000000e+000
      vertex   -6.902049e+001 7.239201e+001 1.000000e+000
      vertex   -6.892599e+001 7.252968e+001 1.000000e+000
    endloop
  endfacet
  facet normal 0.000000e+000 0.000000e+000 1.000000e+000
    outer loop
      vertex   -6.881398e+001 7.265352e+001 1.000000e+000
      vertex   -7.111999e+001 8.108999e+001 1.000000e+000
      vertex   -6.892599e+001 7.252968e+001 1.000000e+000
    endloop
  endfacet
  facet normal 0.000000e+000 -0.000000e+000 1.000000e+000
    outer loop
      vertex   -6.881398e+001 7.265352e+001 1.000000e+000
      vertex   -6.868647e+001 7.276133e+001 1.000000e+000
      vertex   -7.111999e+001 8.108999e+001 1.000000e+000
    endloop
  endfacet
  facet normal -0.000000e+000 0.000000e+000 1.000000e+000
    outer loop
      vertex   -7.111999e+001 8.108999e+001 1.000000e+000
      vertex   -6.868647e+001 7.276133e+001 1.000000e+000
      vertex   -6.854572e+001 7.285118e+001 1.000000e+000
    endloop
  endfacet
  facet normal 0.000000e+000 0.000000e+000 1.000000e+000
    outer loop
      vertex   -6.839425e+001 7.292147e+001 1.000000e+000
      vertex   -7.111999e+001 8.108999e+001 1.000000e+000
      vertex   -6.854572e+001 7.285118e+001 1.000000e+000
    endloop
  endfacet
  facet normal 0.000000e+000 -0.000000e+000 1.000000e+000
    outer loop
      vertex   -6.839425e+001 7.292147e+001 1.000000e+000
      vertex   -6.823477e+001 7.297094e+001 1.000000e+000
      vertex   -7.111999e+001 8.108999e+001 1.000000e+000
    endloop
  endfacet
  facet normal 0.000000e+000 0.000000e+000 1.000000e+000
    outer loop
      vertex   -6.918384e+001 1.697838e+001 1.000000e+000
      vertex   -6.919499e+001 1.714499e+001 1.000000e+000
      vertex   -7.111999e+001 7.809991e+000 1.000000e+000
    endloop
  endfacet
  facet normal -0.000000e+000 0.000000e+000 1.000000e+000
    outer loop
      vertex   -6.915058e+001 1.681475e+001 1.000000e+000
      vertex   -7.111999e+001 7.809991e+000 1.000000e+000
      vertex   -6.909580e+001 1.665700e+001 1.000000e+000
    endloop
  endfacet
  facet normal 0.000000e+000 0.000000e+000 1.000000e+000
    outer loop
      vertex   -6.915058e+001 1.681475e+001 1.000000e+000
      vertex   -6.918384e+001 1.697838e+001 1.000000e+000
      vertex   -7.111999e+001 7.809991e+000 1.000000e+000
    endloop
  endfacet
  facet normal 0.000000e+000 0.000000e+000 1.000000e+000
    outer loop
      vertex   -6.915058e+001 1.747524e+001 1.000000e+000
      vertex   -7.111999e+001 4.444999e+001 1.000000e+000
      vertex   -6.918384e+001 1.731160e+001 1.000000e+000
    endloop
  endfacet
  facet normal 0.000000e+000 -0.000000e+000 1.000000e+000
    outer loop
      vertex   -6.915058e+001 1.747524e+001 1.000000e+000
      vertex   -6.909580e+001 1.763298e+001 1.000000e+000
      vertex   -7.111999e+001 4.444999e+001 1.000000e+000
    endloop
  endfacet
  facet normal -0.000000e+000 0.000000e+000 1.000000e+000
    outer loop
      vertex   -7.111999e+001 4.444999e+001 1.000000e+000
      vertex   -6.909580e+001 1.763298e+001 1.000000e+000
      vertex   -6.902049e+001 1.778201e+001 1.000000e+000
    endloop
  endfacet
  facet normal 0.000000e+000 0.000000e+000 1.000000e+000
    outer loop
      vertex   -6.892599e+001 1.791968e+001 1.000000e+000
      vertex   -7.111999e+001 4.444999e+001 1.000000e+000
      vertex   -6.902049e+001 1.778201e+001 1.000000e+000
    endloop
  endfacet
  facet normal 0.000000e+000 -0.000000e+000 1.000000e+000
    outer loop
      vertex   -6.892599e+001 1.791968e+001 1.000000e+000
      vertex   -6.881398e+001 1.804352e+001 1.000000e+000
      vertex   -7.111999e+001 4.444999e+001 1.000000e+000
    endloop
  endfacet
  facet normal -0.000000e+000 0.000000e+000 1.000000e+000
    outer loop
      vertex   -7.111999e+001 4.444999e+001 1.000000e+000
      vertex   -6.881398e+001 1.804352e+001 1.000000e+000
      vertex   -6.868647e+001 1.815133e+001 1.000000e+000
    endloop
  endfacet
  facet normal 0.000000e+000 0.000000e+000 1.000000e+000
    outer loop
      vertex   -6.854572e+001 1.824118e+001 1.000000e+000
      vertex   -7.111999e+001 4.444999e+001 1.000000e+000
      vertex   -6.868647e+001 1.815133e+001 1.000000e+000
    endloop
  endfacet
  facet normal 0.000000e+000 -0.000000e+000 1.000000e+000
    outer loop
      vertex   -6.854572e+001 1.824118e+001 1.000000e+000
      vertex   -6.839425e+001 1.831147e+001 1.000000e+000
      vertex   -7.111999e+001 4.444999e+001 1.000000e+000
    endloop
  endfacet
  facet normal -0.000000e+000 0.000000e+000 1.000000e+000
    outer loop
      vertex   -7.111999e+001 4.444999e+001 1.000000e+000
      vertex   -6.839425e+001 1.831147e+001 1.000000e+000
      vertex   -6.823477e+001 1.836094e+001 1.000000e+000
    endloop
  endfacet
  facet normal 0.000000e+000 0.000000e+000 1.000000e+000
    outer loop
      vertex   -6.807011e+001 1.838871e+001 1.000000e+000
      vertex   -7.111999e+001 4.444999e+001 1.000000e+000
      vertex   -6.823477e+001 1.836094e+001 1.000000e+000
    endloop
  endfacet
  facet normal 0.000000e+000 -0.000000e+000 1.000000e+000
    outer loop
      vertex   -6.807011e+001 1.838871e+001 1.000000e+000
      vertex   -6.790322e+001 1.839429e+001 1.000000e+000
      vertex   -7.111999e+001 4.444999e+001 1.000000e+000
    endloop
  endfacet
  facet normal 0.000000e+000 0.000000e+000 1.000000e+000
    outer loop
      vertex   -6.672004e+001 1.739397e+001 1.000000e+000
      vertex   -6.669778e+001 1.722848e+001 1.000000e+000
      vertex   -6.361999e+001 8.809991e+000 1.000000e+000
    endloop
  endfacet
  facet normal 0.000000e+000 0.000000e+000 1.000000e+000
    outer loop
      vertex   -6.361999e+001 8.809991e+000 1.000000e+000
      vertex   -6.669778e+001 1.722848e+001 1.000000e+000
      vertex   -6.669778e+001 1.706150e+001 1.000000e+000
    endloop
  endfacet
  facet normal -0.000000e+000 -0.000000e+000 1.000000e+000
    outer loop
      vertex   -6.672004e+001 1.689601e+001 1.000000e+000
      vertex   -6.361999e+001 8.809991e+000 1.000000e+000
      vertex   -6.669778e+001 1.706150e+001 1.000000e+000
    endloop
  endfacet
  facet normal 0.000000e+000 0.000000e+000 1.000000e+000
    outer loop
      vertex   -6.672004e+001 1.689601e+001 1.000000e+000
      vertex   -6.676415e+001 1.673496e+001 1.000000e+000
      vertex   -6.361999e+001 8.809991e+000 1.000000e+000
    endloop
  endfacet
  facet normal 0.000000e+000 0.000000e+000 1.000000e+000
    outer loop
      vertex   -6.361999e+001 8.809991e+000 1.000000e+000
      vertex   -6.676415e+001 1.673496e+001 1.000000e+000
      vertex   -6.682934e+001 1.658123e+001 1.000000e+000
    endloop
  endfacet
  facet normal -0.000000e+000 -0.000000e+000 1.000000e+000
    outer loop
      vertex   -6.691444e+001 1.643756e+001 1.000000e+000
      vertex   -6.361999e+001 8.809991e+000 1.000000e+000
      vertex   -6.682934e+001 1.658123e+001 1.000000e+000
    endloop
  endfacet
  facet normal 0.000000e+000 0.000000e+000 1.000000e+000
    outer loop
      vertex   -6.691444e+001 1.643756e+001 1.000000e+000
      vertex   -6.701793e+001 1.630651e+001 1.000000e+000
      vertex   -6.361999e+001 8.809991e+000 1.000000e+000
    endloop
  endfacet
  facet normal 0.000000e+000 0.000000e+000 1.000000e+000
    outer loop
      vertex   -6.361999e+001 8.809991e+000 1.000000e+000
      vertex   -6.701793e+001 1.630651e+001 1.000000e+000
      vertex   -6.713796e+001 1.619043e+001 1.000000e+000
    endloop
  endfacet
  facet normal -0.000000e+000 -0.000000e+000 1.000000e+000
    outer loop
      vertex   -6.727239e+001 1.609138e+001 1.000000e+000
      vertex   -6.361999e+001 8.809991e+000 1.000000e+000
      vertex   -6.713796e+001 1.619043e+001 1.000000e+000
    endloop
  endfacet
  facet normal 0.000000e+000 0.000000e+000 1.000000e+000
    outer loop
      vertex   -6.727239e+001 1.609138e+001 1.000000e+000
      vertex   -6.741882e+001 1.601113e+001 1.000000e+000
      vertex   -6.361999e+001 8.809991e+000 1.000000e+000
    endloop
  endfacet
  facet normal 0.000000e+000 0.000000e+000 1.000000e+000
    outer loop
      vertex   -6.361999e+001 8.809991e+000 1.000000e+000
      vertex   -6.741882e+001 1.601113e+001 1.000000e+000
      vertex   -6.757465e+001 1.595111e+001 1.000000e+000
    endloop
  endfacet
  facet normal -0.000000e+000 -0.000000e+000 1.000000e+000
    outer loop
      vertex   -6.773708e+001 1.591240e+001 1.000000e+000
      vertex   -6.361999e+001 8.809991e+000 1.000000e+000
      vertex   -6.757465e+001 1.595111e+001 1.000000e+000
    endloop
  endfacet
  facet normal 0.000000e+000 0.000000e+000 1.000000e+000
    outer loop
      vertex   -6.773708e+001 1.591240e+001 1.000000e+000
      vertex   -6.790322e+001 1.589569e+001 1.000000e+000
      vertex   -6.361999e+001 8.809991e+000 1.000000e+000
    endloop
  endfacet
  facet normal 0.000000e+000 0.000000e+000 1.000000e+000
    outer loop
      vertex   -6.361999e+001 8.809991e+000 1.000000e+000
      vertex   -6.790322e+001 1.589569e+001 1.000000e+000
      vertex   -7.111999e+001 7.809991e+000 1.000000e+000
    endloop
  endfacet
  facet normal 0.000000e+000 -0.000000e+000 1.000000e+000
    outer loop
      vertex   -7.110881e+001 7.511071e+000 1.000000e+000
      vertex   -6.361999e+001 8.809991e+000 1.000000e+000
      vertex   -7.111999e+001 7.809991e+000 1.000000e+000
    endloop
  endfacet
  facet normal -0.000000e+000 0.000000e+000 1.000000e+000
    outer loop
      vertex   -7.110881e+001 7.511071e+000 1.000000e+000
      vertex   -7.107531e+001 7.213822e+000 1.000000e+000
      vertex   -6.361999e+001 8.809991e+000 1.000000e+000
    endloop
  endfacet
  facet normal 0.000000e+000 0.000000e+000 1.000000e+000
    outer loop
      vertex   -6.361999e+001 8.809991e+000 1.000000e+000
      vertex   -7.107531e+001 7.213822e+000 1.000000e+000
      vertex   -7.101970e+001 6.919907e+000 1.000000e+000
    endloop
  endfacet
  facet normal 0.000000e+000 -0.000000e+000 1.000000e+000
    outer loop
      vertex   -7.094228e+001 6.630970e+000 1.000000e+000
      vertex   -6.361999e+001 8.809991e+000 1.000000e+000
      vertex   -7.101970e+001 6.919907e+000 1.000000e+000
    endloop
  endfacet
  facet normal -0.000000e+000 0.000000e+000 1.000000e+000
    outer loop
      vertex   -7.094228e+001 6.630970e+000 1.000000e+000
      vertex   -7.084349e+001 6.348627e+000 1.000000e+000
      vertex   -6.361999e+001 8.809991e+000 1.000000e+000
    endloop
  endfacet
  facet normal 0.000000e+000 0.000000e+000 1.000000e+000
    outer loop
      vertex   -6.361999e+001 8.809991e+000 1.000000e+000
      vertex   -7.084349e+001 6.348627e+000 1.000000e+000
      vertex   -7.072387e+001 6.074456e+000 1.000000e+000
    endloop
  endfacet
  facet normal 0.000000e+000 -0.000000e+000 1.000000e+000
    outer loop
      vertex   -7.058409e+001 5.809991e+000 1.000000e+000
      vertex   -6.361999e+001 8.809991e+000 1.000000e+000
      vertex   -7.072387e+001 6.074456e+000 1.000000e+000
    endloop
  endfacet
  facet normal -0.000000e+000 0.000000e+000 1.000000e+000
    outer loop
      vertex   -7.058409e+001 5.809991e+000 1.000000e+000
      vertex   -7.042495e+001 5.556711e+000 1.000000e+000
      vertex   -6.361999e+001 8.809991e+000 1.000000e+000
    endloop
  endfacet
  facet normal 0.000000e+000 0.000000e+000 1.000000e+000
    outer loop
      vertex   -6.361999e+001 8.809991e+000 1.000000e+000
      vertex   -7.042495e+001 5.556711e+000 1.000000e+000
      vertex   -7.024732e+001 5.316032e+000 1.000000e+000
    endloop
  endfacet
  facet normal 0.000000e+000 0.000000e+000 1.000000e+000
    outer loop
      vertex   -6.790322e+001 1.589569e+001 1.000000e+000
      vertex   -6.807011e+001 1.590127e+001 1.000000e+000
      vertex   -7.111999e+001 7.809991e+000 1.000000e+000
    endloop
  endfacet
  facet normal 0.000000e+000 -0.000000e+000 1.000000e+000
    outer loop
      vertex   -7.111999e+001 7.809991e+000 1.000000e+000
      vertex   -6.807011e+001 1.590127e+001 1.000000e+000
      vertex   -6.823477e+001 1.592904e+001 1.000000e+000
    endloop
  endfacet
  facet normal -0.000000e+000 0.000000e+000 1.000000e+000
    outer loop
      vertex   -6.839425e+001 1.597852e+001 1.000000e+000
      vertex   -7.111999e+001 7.809991e+000 1.000000e+000
      vertex   -6.823477e+001 1.592904e+001 1.000000e+000
    endloop
  endfacet
  facet normal 0.000000e+000 0.000000e+000 1.000000e+000
    outer loop
      vertex   -6.839425e+001 1.597852e+001 1.000000e+000
      vertex   -6.854572e+001 1.604880e+001 1.000000e+000
      vertex   -7.111999e+001 7.809991e+000 1.000000e+000
    endloop
  endfacet
  facet normal 0.000000e+000 -0.000000e+000 1.000000e+000
    outer loop
      vertex   -7.111999e+001 7.809991e+000 1.000000e+000
      vertex   -6.854572e+001 1.604880e+001 1.000000e+000
      vertex   -6.868647e+001 1.613865e+001 1.000000e+000
    endloop
  endfacet
  facet normal -0.000000e+000 0.000000e+000 1.000000e+000
    outer loop
      vertex   -6.881398e+001 1.624646e+001 1.000000e+000
      vertex   -7.111999e+001 7.809991e+000 1.000000e+000
      vertex   -6.868647e+001 1.613865e+001 1.000000e+000
    endloop
  endfacet
  facet normal 0.000000e+000 0.000000e+000 1.000000e+000
    outer loop
      vertex   -6.881398e+001 1.624646e+001 1.000000e+000
      vertex   -6.892599e+001 1.637030e+001 1.000000e+000
      vertex   -7.111999e+001 7.809991e+000 1.000000e+000
    endloop
  endfacet
  facet normal 0.000000e+000 -0.000000e+000 1.000000e+000
    outer loop
      vertex   -7.111999e+001 7.809991e+000 1.000000e+000
      vertex   -6.892599e+001 1.637030e+001 1.000000e+000
      vertex   -6.902049e+001 1.650797e+001 1.000000e+000
    endloop
  endfacet
  facet normal -0.000000e+000 0.000000e+000 1.000000e+000
    outer loop
      vertex   -6.909580e+001 1.665700e+001 1.000000e+000
      vertex   -7.111999e+001 7.809991e+000 1.000000e+000
      vertex   -6.902049e+001 1.650797e+001 1.000000e+000
    endloop
  endfacet
  facet normal -0.000000e+000 0.000000e+000 1.000000e+000
    outer loop
      vertex   -6.741891e+001 8.507881e+001 1.000000e+000
      vertex   -6.771616e+001 8.504531e+001 1.000000e+000
      vertex   -6.711999e+001 8.508999e+001 1.000000e+000
    endloop
  endfacet
  facet normal 0.000000e+000 0.000000e+000 1.000000e+000
    outer loop
      vertex   -6.711999e+001 8.508999e+001 1.000000e+000
      vertex   -6.771616e+001 8.504531e+001 1.000000e+000
      vertex   -6.801007e+001 8.498970e+001 1.000000e+000
    endloop
  endfacet
  facet normal 0.000000e+000 -0.000000e+000 1.000000e+000
    outer loop
      vertex   -6.829901e+001 8.491228e+001 1.000000e+000
      vertex   -6.711999e+001 8.508999e+001 1.000000e+000
      vertex   -6.801007e+001 8.498970e+001 1.000000e+000
    endloop
  endfacet
  facet normal -0.000000e+000 0.000000e+000 1.000000e+000
    outer loop
      vertex   -6.829901e+001 8.491228e+001 1.000000e+000
      vertex   -6.858136e+001 8.481349e+001 1.000000e+000
      vertex   -6.711999e+001 8.508999e+001 1.000000e+000
    endloop
  endfacet
  facet normal 0.000000e+000 0.000000e+000 1.000000e+000
    outer loop
      vertex   -6.711999e+001 8.508999e+001 1.000000e+000
      vertex   -6.858136e+001 8.481349e+001 1.000000e+000
      vertex   -6.885553e+001 8.469387e+001 1.000000e+000
    endloop
  endfacet
  facet normal 0.000000e+000 -0.000000e+000 1.000000e+000
    outer loop
      vertex   -6.911999e+001 8.455409e+001 1.000000e+000
      vertex   -6.711999e+001 8.508999e+001 1.000000e+000
      vertex   -6.885553e+001 8.469387e+001 1.000000e+000
    endloop
  endfacet
  facet normal -0.000000e+000 0.000000e+000 1.000000e+000
    outer loop
      vertex   -6.911999e+001 8.455409e+001 1.000000e+000
      vertex   -6.937327e+001 8.439495e+001 1.000000e+000
      vertex   -6.711999e+001 8.508999e+001 1.000000e+000
    endloop
  endfacet
  facet normal 0.000000e+000 0.000000e+000 1.000000e+000
    outer loop
      vertex   -6.711999e+001 8.508999e+001 1.000000e+000
      vertex   -6.937327e+001 8.439495e+001 1.000000e+000
      vertex   -6.961395e+001 8.421732e+001 1.000000e+000
    endloop
  endfacet
  facet normal 0.000000e+000 -0.000000e+000 1.000000e+000
    outer loop
      vertex   -6.984068e+001 8.402220e+001 1.000000e+000
      vertex   -6.711999e+001 8.508999e+001 1.000000e+000
      vertex   -6.961395e+001 8.421732e+001 1.000000e+000
    endloop
  endfacet
  facet normal -0.000000e+000 0.000000e+000 1.000000e+000
    outer loop
      vertex   -6.984068e+001 8.402220e+001 1.000000e+000
      vertex   -7.005220e+001 8.381068e+001 1.000000e+000
      vertex   -6.711999e+001 8.508999e+001 1.000000e+000
    endloop
  endfacet
  facet normal 0.000000e+000 0.000000e+000 1.000000e+000
    outer loop
      vertex   -6.711999e+001 8.508999e+001 1.000000e+000
      vertex   -7.005220e+001 8.381068e+001 1.000000e+000
      vertex   -6.361999e+001 8.008999e+001 1.000000e+000
    endloop
  endfacet
  facet normal 0.000000e+000 0.000000e+000 1.000000e+000
    outer loop
      vertex   -6.361999e+001 8.008999e+001 1.000000e+000
      vertex   -7.005220e+001 8.381068e+001 1.000000e+000
      vertex   -7.024732e+001 8.358395e+001 1.000000e+000
    endloop
  endfacet
  facet normal -0.000000e+000 -0.000000e+000 1.000000e+000
    outer loop
      vertex   -7.042495e+001 8.334327e+001 1.000000e+000
      vertex   -6.361999e+001 8.008999e+001 1.000000e+000
      vertex   -7.024732e+001 8.358395e+001 1.000000e+000
    endloop
  endfacet
  facet normal 0.000000e+000 0.000000e+000 1.000000e+000
    outer loop
      vertex   -7.042495e+001 8.334327e+001 1.000000e+000
      vertex   -7.058409e+001 8.308999e+001 1.000000e+000
      vertex   -6.361999e+001 8.008999e+001 1.000000e+000
    endloop
  endfacet
  facet normal 0.000000e+000 0.000000e+000 1.000000e+000
    outer loop
      vertex   -6.361999e+001 8.008999e+001 1.000000e+000
      vertex   -7.058409e+001 8.308999e+001 1.000000e+000
      vertex   -7.072387e+001 8.282553e+001 1.000000e+000
    endloop
  endfacet
  facet normal -0.000000e+000 -0.000000e+000 1.000000e+000
    outer loop
      vertex   -7.084349e+001 8.255136e+001 1.000000e+000
      vertex   -6.361999e+001 8.008999e+001 1.000000e+000
      vertex   -7.072387e+001 8.282553e+001 1.000000e+000
    endloop
  endfacet
  facet normal 0.000000e+000 0.000000e+000 1.000000e+000
    outer loop
      vertex   -7.084349e+001 8.255136e+001 1.000000e+000
      vertex   -7.094228e+001 8.226901e+001 1.000000e+000
      vertex   -6.361999e+001 8.008999e+001 1.000000e+000
    endloop
  endfacet
  facet normal 0.000000e+000 0.000000e+000 1.000000e+000
    outer loop
      vertex   -6.361999e+001 8.008999e+001 1.000000e+000
      vertex   -7.094228e+001 8.226901e+001 1.000000e+000
      vertex   -7.101970e+001 8.198007e+001 1.000000e+000
    endloop
  endfacet
  facet normal -0.000000e+000 -0.000000e+000 1.000000e+000
    outer loop
      vertex   -7.107531e+001 8.168616e+001 1.000000e+000
      vertex   -6.361999e+001 8.008999e+001 1.000000e+000
      vertex   -7.101970e+001 8.198007e+001 1.000000e+000
    endloop
  endfacet
  facet normal 0.000000e+000 0.000000e+000 1.000000e+000
    outer loop
      vertex   -7.107531e+001 8.168616e+001 1.000000e+000
      vertex   -7.110881e+001 8.138891e+001 1.000000e+000
      vertex   -6.361999e+001 8.008999e+001 1.000000e+000
    endloop
  endfacet
  facet normal 0.000000e+000 0.000000e+000 1.000000e+000
    outer loop
      vertex   -6.361999e+001 8.008999e+001 1.000000e+000
      vertex   -7.110881e+001 8.138891e+001 1.000000e+000
      vertex   -7.111999e+001 8.108999e+001 1.000000e+000
    endloop
  endfacet
  facet normal -0.000000e+000 0.000000e+000 1.000000e+000
    outer loop
      vertex   -7.111999e+001 4.444999e+001 1.000000e+000
      vertex   -7.111999e+001 7.809991e+000 1.000000e+000
      vertex   -6.918384e+001 1.731160e+001 1.000000e+000
    endloop
  endfacet
  facet normal -0.000000e+000 0.000000e+000 1.000000e+000
    outer loop
      vertex   -6.918384e+001 1.731160e+001 1.000000e+000
      vertex   -7.111999e+001 7.809991e+000 1.000000e+000
      vertex   -6.919499e+001 1.714499e+001 1.000000e+000
    endloop
  endfacet
  facet normal 0.000000e+000 0.000000e+000 1.000000e+000
    outer loop
      vertex   -1.884778e+001 8.381068e+001 1.000000e+000
      vertex   -1.905930e+001 8.402220e+001 1.000000e+000
      vertex   -2.177999e+001 8.508999e+001 1.000000e+000
    endloop
  endfacet
  facet normal -0.000000e+000 -0.000000e+000 1.000000e+000
    outer loop
      vertex   -2.177999e+001 8.508999e+001 1.000000e+000
      vertex   -1.905930e+001 8.402220e+001 1.000000e+000
      vertex   -1.928603e+001 8.421732e+001 1.000000e+000
    endloop
  endfacet
  facet normal 0.000000e+000 0.000000e+000 1.000000e+000
    outer loop
      vertex   -1.952671e+001 8.439495e+001 1.000000e+000
      vertex   -2.177999e+001 8.508999e+001 1.000000e+000
      vertex   -1.928603e+001 8.421732e+001 1.000000e+000
    endloop
  endfacet
  facet normal 0.000000e+000 0.000000e+000 1.000000e+000
    outer loop
      vertex   -1.952671e+001 8.439495e+001 1.000000e+000
      vertex   -1.977999e+001 8.455409e+001 1.000000e+000
      vertex   -2.177999e+001 8.508999e+001 1.000000e+000
    endloop
  endfacet
  facet normal -0.000000e+000 -0.000000e+000 1.000000e+000
    outer loop
      vertex   -2.177999e+001 8.508999e+001 1.000000e+000
      vertex   -1.977999e+001 8.455409e+001 1.000000e+000
      vertex   -2.004446e+001 8.469387e+001 1.000000e+000
    endloop
  endfacet
  facet normal 0.000000e+000 0.000000e+000 1.000000e+000
    outer loop
      vertex   -2.031863e+001 8.481349e+001 1.000000e+000
      vertex   -2.177999e+001 8.508999e+001 1.000000e+000
      vertex   -2.004446e+001 8.469387e+001 1.000000e+000
    endloop
  endfacet
  facet normal 0.000000e+000 0.000000e+000 1.000000e+000
    outer loop
      vertex   -2.031863e+001 8.481349e+001 1.000000e+000
      vertex   -2.060097e+001 8.491228e+001 1.000000e+000
      vertex   -2.177999e+001 8.508999e+001 1.000000e+000
    endloop
  endfacet
  facet normal -0.000000e+000 -0.000000e+000 1.000000e+000
    outer loop
      vertex   -2.177999e+001 8.508999e+001 1.000000e+000
      vertex   -2.060097e+001 8.491228e+001 1.000000e+000
      vertex   -2.088991e+001 8.498970e+001 1.000000e+000
    endloop
  endfacet
  facet normal 0.000000e+000 0.000000e+000 1.000000e+000
    outer loop
      vertex   -2.118382e+001 8.504531e+001 1.000000e+000
      vertex   -2.177999e+001 8.508999e+001 1.000000e+000
      vertex   -2.088991e+001 8.498970e+001 1.000000e+000
    endloop
  endfacet
  facet normal 0.000000e+000 0.000000e+000 1.000000e+000
    outer loop
      vertex   -2.118382e+001 8.504531e+001 1.000000e+000
      vertex   -2.148107e+001 8.507881e+001 1.000000e+000
      vertex   -2.177999e+001 8.508999e+001 1.000000e+000
    endloop
  endfacet
  facet normal 0.000000e+000 1.000000e+000 0.000000e+000
    outer loop
      vertex   -4.694999e+001 8.809991e+000 1.000000e+000
      vertex   -4.694999e+001 8.809991e+000 0.000000e+000
      vertex   -6.361999e+001 8.809991e+000 1.000000e+000
    endloop
  endfacet
  facet normal 0.000000e+000 1.000000e+000 0.000000e+000
    outer loop
      vertex   -6.361999e+001 8.809991e+000 1.000000e+000
      vertex   -4.694999e+001 8.809991e+000 0.000000e+000
      vertex   -6.361999e+001 8.809991e+000 0.000000e+000
    endloop
  endfacet
  facet normal 1.065601e-016 1.000000e+000 -0.000000e+000
    outer loop
      vertex   -4.194999e+001 8.809991e+000 0.000000e+000
      vertex   -4.194999e+001 8.809991e+000 1.000000e+000
      vertex   -2.527999e+001 8.809991e+000 0.000000e+000
    endloop
  endfacet
  facet normal 1.065601e-016 1.000000e+000 0.000000e+000
    outer loop
      vertex   -2.527999e+001 8.809991e+000 0.000000e+000
      vertex   -4.194999e+001 8.809991e+000 1.000000e+000
      vertex   -2.527999e+001 8.809991e+000 1.000000e+000
    endloop
  endfacet
  facet normal -3.739119e-002 9.993007e-001 0.000000e+000
    outer loop
      vertex   -6.711999e+001 8.508999e+001 0.000000e+000
      vertex   -6.741891e+001 8.507881e+001 0.000000e+000
      vertex   -6.711999e+001 8.508999e+001 1.000000e+000
    endloop
  endfacet
  facet normal -3.739119e-002 9.993007e-001 0.000000e+000
    outer loop
      vertex   -6.711999e+001 8.508999e+001 1.000000e+000
      vertex   -6.741891e+001 8.507881e+001 0.000000e+000
      vertex   -6.741891e+001 8.507881e+001 1.000000e+000
    endloop
  endfacet
  facet normal -1.119645e-001 9.937122e-001 0.000000e+000
    outer loop
      vertex   -6.741891e+001 8.507881e+001 1.000000e+000
      vertex   -6.741891e+001 8.507881e+001 0.000000e+000
      vertex   -6.771616e+001 8.504531e+001 0.000000e+000
    endloop
  endfacet
  facet normal -1.859116e-001 9.825665e-001 0.000000e+000
    outer loop
      vertex   -6.771616e+001 8.504531e+001 1.000000e+000
      vertex   -6.771616e+001 8.504531e+001 0.000000e+000
      vertex   -6.801007e+001 8.498970e+001 0.000000e+000
    endloop
  endfacet
  facet normal -2.588190e-001 9.659258e-001 0.000000e+000
    outer loop
      vertex   -6.801007e+001 8.498970e+001 1.000000e+000
      vertex   -6.801007e+001 8.498970e+001 0.000000e+000
      vertex   -6.829901e+001 8.491228e+001 0.000000e+000
    endloop
  endfacet
  facet normal -3.302791e-001 9.438833e-001 0.000000e+000
    outer loop
      vertex   -6.829901e+001 8.491228e+001 1.000000e+000
      vertex   -6.829901e+001 8.491228e+001 0.000000e+000
      vertex   -6.858136e+001 8.481349e+001 0.000000e+000
    endloop
  endfacet
  facet normal -3.998920e-001 9.165623e-001 0.000000e+000
    outer loop
      vertex   -6.858136e+001 8.481349e+001 1.000000e+000
      vertex   -6.858136e+001 8.481349e+001 0.000000e+000
      vertex   -6.885553e+001 8.469387e+001 0.000000e+000
    endloop
  endfacet
  facet normal -4.672686e-001 8.841154e-001 0.000000e+000
    outer loop
      vertex   -6.885553e+001 8.469387e+001 1.000000e+000
      vertex   -6.885553e+001 8.469387e+001 0.000000e+000
      vertex   -6.911999e+001 8.455409e+001 0.000000e+000
    endloop
  endfacet
  facet normal -5.320321e-001 8.467242e-001 0.000000e+000
    outer loop
      vertex   -6.911999e+001 8.455409e+001 1.000000e+000
      vertex   -6.911999e+001 8.455409e+001 0.000000e+000
      vertex   -6.937327e+001 8.439495e+001 0.000000e+000
    endloop
  endfacet
  facet normal -5.938202e-001 8.045978e-001 0.000000e+000
    outer loop
      vertex   -6.937327e+001 8.439495e+001 1.000000e+000
      vertex   -6.937327e+001 8.439495e+001 0.000000e+000
      vertex   -6.961395e+001 8.421732e+001 0.000000e+000
    endloop
  endfacet
  facet normal -6.522874e-001 7.579717e-001 0.000000e+000
    outer loop
      vertex   -6.961395e+001 8.421732e+001 1.000000e+000
      vertex   -6.961395e+001 8.421732e+001 0.000000e+000
      vertex   -6.984068e+001 8.402220e+001 0.000000e+000
    endloop
  endfacet
  facet normal -7.071068e-001 7.071068e-001 0.000000e+000
    outer loop
      vertex   -6.984068e+001 8.402220e+001 1.000000e+000
      vertex   -6.984068e+001 8.402220e+001 0.000000e+000
      vertex   -7.005220e+001 8.381068e+001 0.000000e+000
    endloop
  endfacet
  facet normal -7.579717e-001 6.522874e-001 0.000000e+000
    outer loop
      vertex   -7.005220e+001 8.381068e+001 1.000000e+000
      vertex   -7.005220e+001 8.381068e+001 0.000000e+000
      vertex   -7.024732e+001 8.358395e+001 0.000000e+000
    endloop
  endfacet
  facet normal -8.045978e-001 5.938202e-001 0.000000e+000
    outer loop
      vertex   -7.024732e+001 8.358395e+001 1.000000e+000
      vertex   -7.024732e+001 8.358395e+001 0.000000e+000
      vertex   -7.042495e+001 8.334327e+001 0.000000e+000
    endloop
  endfacet
  facet normal -8.467242e-001 5.320321e-001 0.000000e+000
    outer loop
      vertex   -7.042495e+001 8.334327e+001 1.000000e+000
      vertex   -7.042495e+001 8.334327e+001 0.000000e+000
      vertex   -7.058409e+001 8.308999e+001 0.000000e+000
    endloop
  endfacet
  facet normal -8.841154e-001 4.672686e-001 0.000000e+000
    outer loop
      vertex   -7.058409e+001 8.308999e+001 1.000000e+000
      vertex   -7.058409e+001 8.308999e+001 0.000000e+000
      vertex   -7.072387e+001 8.282553e+001 0.000000e+000
    endloop
  endfacet
  facet normal -9.165623e-001 3.998920e-001 0.000000e+000
    outer loop
      vertex   -7.072387e+001 8.282553e+001 1.000000e+000
      vertex   -7.072387e+001 8.282553e+001 0.000000e+000
      vertex   -7.084349e+001 8.255136e+001 0.000000e+000
    endloop
  endfacet
  facet normal -9.438833e-001 3.302791e-001 0.000000e+000
    outer loop
      vertex   -7.084349e+001 8.255136e+001 1.000000e+000
      vertex   -7.084349e+001 8.255136e+001 0.000000e+000
      vertex   -7.094228e+001 8.226901e+001 0.000000e+000
    endloop
  endfacet
  facet normal -9.659258e-001 2.588190e-001 0.000000e+000
    outer loop
      vertex   -7.094228e+001 8.226901e+001 1.000000e+000
      vertex   -7.094228e+001 8.226901e+001 0.000000e+000
      vertex   -7.101970e+001 8.198007e+001 0.000000e+000
    endloop
  endfacet
  facet normal -9.825665e-001 1.859116e-001 0.000000e+000
    outer loop
      vertex   -7.101970e+001 8.198007e+001 1.000000e+000
      vertex   -7.101970e+001 8.198007e+001 0.000000e+000
      vertex   -7.107531e+001 8.168616e+001 0.000000e+000
    endloop
  endfacet
  facet normal -9.937122e-001 1.119645e-001 0.000000e+000
    outer loop
      vertex   -7.107531e+001 8.168616e+001 1.000000e+000
      vertex   -7.107531e+001 8.168616e+001 0.000000e+000
      vertex   -7.110881e+001 8.138891e+001 0.000000e+000
    endloop
  endfacet
  facet normal -9.993007e-001 3.739119e-002 0.000000e+000
    outer loop
      vertex   -7.110881e+001 8.138891e+001 1.000000e+000
      vertex   -7.110881e+001 8.138891e+001 0.000000e+000
      vertex   -7.111999e+001 8.108999e+001 0.000000e+000
    endloop
  endfacet
  facet normal -9.993007e-001 3.739119e-002 0.000000e+000
    outer loop
      vertex   -7.111999e+001 8.108999e+001 1.000000e+000
      vertex   -7.110881e+001 8.138891e+001 1.000000e+000
      vertex   -7.111999e+001 8.108999e+001 0.000000e+000
    endloop
  endfacet
  facet normal -1.119645e-001 9.937122e-001 0.000000e+000
    outer loop
      vertex   -6.741891e+001 8.507881e+001 1.000000e+000
      vertex   -6.771616e+001 8.504531e+001 0.000000e+000
      vertex   -6.771616e+001 8.504531e+001 1.000000e+000
    endloop
  endfacet
  facet normal -1.859116e-001 9.825665e-001 0.000000e+000
    outer loop
      vertex   -6.771616e+001 8.504531e+001 1.000000e+000
      vertex   -6.801007e+001 8.498970e+001 0.000000e+000
      vertex   -6.801007e+001 8.498970e+001 1.000000e+000
    endloop
  endfacet
  facet normal -2.588190e-001 9.659258e-001 0.000000e+000
    outer loop
      vertex   -6.801007e+001 8.498970e+001 1.000000e+000
      vertex   -6.829901e+001 8.491228e+001 0.000000e+000
      vertex   -6.829901e+001 8.491228e+001 1.000000e+000
    endloop
  endfacet
  facet normal -3.302791e-001 9.438833e-001 0.000000e+000
    outer loop
      vertex   -6.829901e+001 8.491228e+001 1.000000e+000
      vertex   -6.858136e+001 8.481349e+001 0.000000e+000
      vertex   -6.858136e+001 8.481349e+001 1.000000e+000
    endloop
  endfacet
  facet normal -3.998920e-001 9.165623e-001 0.000000e+000
    outer loop
      vertex   -6.858136e+001 8.481349e+001 1.000000e+000
      vertex   -6.885553e+001 8.469387e+001 0.000000e+000
      vertex   -6.885553e+001 8.469387e+001 1.000000e+000
    endloop
  endfacet
  facet normal -4.672686e-001 8.841154e-001 0.000000e+000
    outer loop
      vertex   -6.885553e+001 8.469387e+001 1.000000e+000
      vertex   -6.911999e+001 8.455409e+001 0.000000e+000
      vertex   -6.911999e+001 8.455409e+001 1.000000e+000
    endloop
  endfacet
  facet normal -5.320321e-001 8.467242e-001 0.000000e+000
    outer loop
      vertex   -6.911999e+001 8.455409e+001 1.000000e+000
      vertex   -6.937327e+001 8.439495e+001 0.000000e+000
      vertex   -6.937327e+001 8.439495e+001 1.000000e+000
    endloop
  endfacet
  facet normal -5.938202e-001 8.045978e-001 0.000000e+000
    outer loop
      vertex   -6.937327e+001 8.439495e+001 1.000000e+000
      vertex   -6.961395e+001 8.421732e+001 0.000000e+000
      vertex   -6.961395e+001 8.421732e+001 1.000000e+000
    endloop
  endfacet
  facet normal -6.522874e-001 7.579717e-001 0.000000e+000
    outer loop
      vertex   -6.961395e+001 8.421732e+001 1.000000e+000
      vertex   -6.984068e+001 8.402220e+001 0.000000e+000
      vertex   -6.984068e+001 8.402220e+001 1.000000e+000
    endloop
  endfacet
  facet normal -7.071068e-001 7.071068e-001 0.000000e+000
    outer loop
      vertex   -6.984068e+001 8.402220e+001 1.000000e+000
      vertex   -7.005220e+001 8.381068e+001 0.000000e+000
      vertex   -7.005220e+001 8.381068e+001 1.000000e+000
    endloop
  endfacet
  facet normal -7.579717e-001 6.522874e-001 0.000000e+000
    outer loop
      vertex   -7.005220e+001 8.381068e+001 1.000000e+000
      vertex   -7.024732e+001 8.358395e+001 0.000000e+000
      vertex   -7.024732e+001 8.358395e+001 1.000000e+000
    endloop
  endfacet
  facet normal -8.045978e-001 5.938202e-001 0.000000e+000
    outer loop
      vertex   -7.024732e+001 8.358395e+001 1.000000e+000
      vertex   -7.042495e+001 8.334327e+001 0.000000e+000
      vertex   -7.042495e+001 8.334327e+001 1.000000e+000
    endloop
  endfacet
  facet normal -8.467242e-001 5.320321e-001 0.000000e+000
    outer loop
      vertex   -7.042495e+001 8.334327e+001 1.000000e+000
      vertex   -7.058409e+001 8.308999e+001 0.000000e+000
      vertex   -7.058409e+001 8.308999e+001 1.000000e+000
    endloop
  endfacet
  facet normal -8.841154e-001 4.672686e-001 0.000000e+000
    outer loop
      vertex   -7.058409e+001 8.308999e+001 1.000000e+000
      vertex   -7.072387e+001 8.282553e+001 0.000000e+000
      vertex   -7.072387e+001 8.282553e+001 1.000000e+000
    endloop
  endfacet
  facet normal -9.165623e-001 3.998920e-001 0.000000e+000
    outer loop
      vertex   -7.072387e+001 8.282553e+001 1.000000e+000
      vertex   -7.084349e+001 8.255136e+001 0.000000e+000
      vertex   -7.084349e+001 8.255136e+001 1.000000e+000
    endloop
  endfacet
  facet normal -9.438833e-001 3.302791e-001 0.000000e+000
    outer loop
      vertex   -7.084349e+001 8.255136e+001 1.000000e+000
      vertex   -7.094228e+001 8.226901e+001 0.000000e+000
      vertex   -7.094228e+001 8.226901e+001 1.000000e+000
    endloop
  endfacet
  facet normal -9.659258e-001 2.588190e-001 0.000000e+000
    outer loop
      vertex   -7.094228e+001 8.226901e+001 1.000000e+000
      vertex   -7.101970e+001 8.198007e+001 0.000000e+000
      vertex   -7.101970e+001 8.198007e+001 1.000000e+000
    endloop
  endfacet
  facet normal -9.825665e-001 1.859116e-001 0.000000e+000
    outer loop
      vertex   -7.101970e+001 8.198007e+001 1.000000e+000
      vertex   -7.107531e+001 8.168616e+001 0.000000e+000
      vertex   -7.107531e+001 8.168616e+001 1.000000e+000
    endloop
  endfacet
  facet normal -9.937122e-001 1.119645e-001 0.000000e+000
    outer loop
      vertex   -7.107531e+001 8.168616e+001 1.000000e+000
      vertex   -7.110881e+001 8.138891e+001 0.000000e+000
      vertex   -7.110881e+001 8.138891e+001 1.000000e+000
    endloop
  endfacet
  facet normal -1.000000e+000 0.000000e+000 0.000000e+000
    outer loop
      vertex   -7.111999e+001 8.108999e+001 0.000000e+000
      vertex   -7.111999e+001 4.444999e+001 0.000000e+000
      vertex   -7.111999e+001 8.108999e+001 1.000000e+000
    endloop
  endfacet
  facet normal -1.000000e+000 -0.000000e+000 0.000000e+000
    outer loop
      vertex   -7.111999e+001 8.108999e+001 1.000000e+000
      vertex   -7.111999e+001 4.444999e+001 0.000000e+000
      vertex   -7.111999e+001 4.444999e+001 1.000000e+000
    endloop
  endfacet
  facet normal -1.000000e+000 -0.000000e+000 -0.000000e+000
    outer loop
      vertex   -7.111999e+001 4.444999e+001 1.000000e+000
      vertex   -7.111999e+001 4.444999e+001 0.000000e+000
      vertex   -7.111999e+001 7.809991e+000 0.000000e+000
    endloop
  endfacet
  facet normal -1.000000e+000 0.000000e+000 -0.000000e+000
    outer loop
      vertex   -7.111999e+001 7.809991e+000 1.000000e+000
      vertex   -7.111999e+001 4.444999e+001 1.000000e+000
      vertex   -7.111999e+001 7.809991e+000 0.000000e+000
    endloop
  endfacet
  facet normal 0.000000e+000 -0.000000e+000 -1.000000e+000
    outer loop
      vertex   -4.194999e+001 8.809991e+000 0.000000e+000
      vertex   -2.527999e+001 8.809991e+000 0.000000e+000
      vertex   -4.194999e+001 6.809991e+000 0.000000e+000
    endloop
  endfacet
  facet normal 0.000000e+000 0.000000e+000 -1.000000e+000
    outer loop
      vertex   -4.194999e+001 6.809991e+000 0.000000e+000
      vertex   -2.527999e+001 8.809991e+000 0.000000e+000
      vertex   -2.177999e+001 3.809991e+000 0.000000e+000
    endloop
  endfacet
  facet normal 0.000000e+000 0.000000e+000 -1.000000e+000
    outer loop
      vertex   -6.711999e+001 3.809991e+000 0.000000e+000
      vertex   -4.194999e+001 6.809991e+000 0.000000e+000
      vertex   -2.177999e+001 3.809991e+000 0.000000e+000
    endloop
  endfacet
  facet normal 0.000000e+000 0.000000e+000 -1.000000e+000
    outer loop
      vertex   -6.711999e+001 3.809991e+000 0.000000e+000
      vertex   -4.694999e+001 6.809991e+000 0.000000e+000
      vertex   -4.194999e+001 6.809991e+000 0.000000e+000
    endloop
  endfacet
  facet normal 0.000000e+000 0.000000e+000 -1.000000e+000
    outer loop
      vertex   -6.711999e+001 3.809991e+000 0.000000e+000
      vertex   -6.361999e+001 8.809991e+000 0.000000e+000
      vertex   -4.694999e+001 6.809991e+000 0.000000e+000
    endloop
  endfacet
  facet normal 0.000000e+000 0.000000e+000 -1.000000e+000
    outer loop
      vertex   -6.711999e+001 3.809991e+000 0.000000e+000
      vertex   -6.741891e+001 3.821176e+000 0.000000e+000
      vertex   -6.361999e+001 8.809991e+000 0.000000e+000
    endloop
  endfacet
  facet normal -0.000000e+000 0.000000e+000 -1.000000e+000
    outer loop
      vertex   -6.361999e+001 8.809991e+000 0.000000e+000
      vertex   -6.741891e+001 3.821176e+000 0.000000e+000
      vertex   -6.771616e+001 3.854668e+000 0.000000e+000
    endloop
  endfacet
  facet normal 0.000000e+000 -0.000000e+000 -1.000000e+000
    outer loop
      vertex   -6.801007e+001 3.910279e+000 0.000000e+000
      vertex   -6.361999e+001 8.809991e+000 0.000000e+000
      vertex   -6.771616e+001 3.854668e+000 0.000000e+000
    endloop
  endfacet
  facet normal 0.000000e+000 0.000000e+000 -1.000000e+000
    outer loop
      vertex   -6.801007e+001 3.910279e+000 0.000000e+000
      vertex   -6.829901e+001 3.987700e+000 0.000000e+000
      vertex   -6.361999e+001 8.809991e+000 0.000000e+000
    endloop
  endfacet
  facet normal -0.000000e+000 0.000000e+000 -1.000000e+000
    outer loop
      vertex   -6.361999e+001 8.809991e+000 0.000000e+000
      vertex   -6.829901e+001 3.987700e+000 0.000000e+000
      vertex   -6.858136e+001 4.086496e+000 0.000000e+000
    endloop
  endfacet
  facet normal 0.000000e+000 -0.000000e+000 -1.000000e+000
    outer loop
      vertex   -6.885553e+001 4.206115e+000 0.000000e+000
      vertex   -6.361999e+001 8.809991e+000 0.000000e+000
      vertex   -6.858136e+001 4.086496e+000 0.000000e+000
    endloop
  endfacet
  facet normal 0.000000e+000 0.000000e+000 -1.000000e+000
    outer loop
      vertex   -6.885553e+001 4.206115e+000 0.000000e+000
      vertex   -6.911999e+001 4.345889e+000 0.000000e+000
      vertex   -6.361999e+001 8.809991e+000 0.000000e+000
    endloop
  endfacet
  facet normal -0.000000e+000 0.000000e+000 -1.000000e+000
    outer loop
      vertex   -6.361999e+001 8.809991e+000 0.000000e+000
      vertex   -6.911999e+001 4.345889e+000 0.000000e+000
      vertex   -6.937327e+001 4.505036e+000 0.000000e+000
    endloop
  endfacet
  facet normal 0.000000e+000 -0.000000e+000 -1.000000e+000
    outer loop
      vertex   -6.961395e+001 4.682665e+000 0.000000e+000
      vertex   -6.361999e+001 8.809991e+000 0.000000e+000
      vertex   -6.937327e+001 4.505036e+000 0.000000e+000
    endloop
  endfacet
  facet normal 0.000000e+000 0.000000e+000 -1.000000e+000
    outer loop
      vertex   -6.961395e+001 4.682665e+000 0.000000e+000
      vertex   -6.984068e+001 4.877783e+000 0.000000e+000
      vertex   -6.361999e+001 8.809991e+000 0.000000e+000
    endloop
  endfacet
  facet normal -0.000000e+000 0.000000e+000 -1.000000e+000
    outer loop
      vertex   -6.361999e+001 8.809991e+000 0.000000e+000
      vertex   -6.984068e+001 4.877783e+000 0.000000e+000
      vertex   -7.005220e+001 5.089300e+000 0.000000e+000
    endloop
  endfacet
  facet normal 0.000000e+000 -0.000000e+000 -1.000000e+000
    outer loop
      vertex   -7.024732e+001 5.316032e+000 0.000000e+000
      vertex   -6.361999e+001 8.809991e+000 0.000000e+000
      vertex   -7.005220e+001 5.089300e+000 0.000000e+000
    endloop
  endfacet
  facet normal 0.000000e+000 0.000000e+000 -1.000000e+000
    outer loop
      vertex   -7.024732e+001 5.316032e+000 0.000000e+000
      vertex   -7.042495e+001 5.556711e+000 0.000000e+000
      vertex   -6.361999e+001 8.809991e+000 0.000000e+000
    endloop
  endfacet
  facet normal -0.000000e+000 0.000000e+000 -1.000000e+000
    outer loop
      vertex   -6.361999e+001 8.809991e+000 0.000000e+000
      vertex   -7.042495e+001 5.556711e+000 0.000000e+000
      vertex   -7.058409e+001 5.809991e+000 0.000000e+000
    endloop
  endfacet
  facet normal 0.000000e+000 -0.000000e+000 -1.000000e+000
    outer loop
      vertex   -7.072387e+001 6.074456e+000 0.000000e+000
      vertex   -6.361999e+001 8.809991e+000 0.000000e+000
      vertex   -7.058409e+001 5.809991e+000 0.000000e+000
    endloop
  endfacet
  facet normal 0.000000e+000 0.000000e+000 -1.000000e+000
    outer loop
      vertex   -7.072387e+001 6.074456e+000 0.000000e+000
      vertex   -7.084349e+001 6.348627e+000 0.000000e+000
      vertex   -6.361999e+001 8.809991e+000 0.000000e+000
    endloop
  endfacet
  facet normal -0.000000e+000 0.000000e+000 -1.000000e+000
    outer loop
      vertex   -6.361999e+001 8.809991e+000 0.000000e+000
      vertex   -7.084349e+001 6.348627e+000 0.000000e+000
      vertex   -7.094228e+001 6.630970e+000 0.000000e+000
    endloop
  endfacet
  facet normal 0.000000e+000 -0.000000e+000 -1.000000e+000
    outer loop
      vertex   -7.101970e+001 6.919907e+000 0.000000e+000
      vertex   -6.361999e+001 8.809991e+000 0.000000e+000
      vertex   -7.094228e+001 6.630970e+000 0.000000e+000
    endloop
  endfacet
  facet normal 0.000000e+000 0.000000e+000 -1.000000e+000
    outer loop
      vertex   -7.101970e+001 6.919907e+000 0.000000e+000
      vertex   -7.107531e+001 7.213822e+000 0.000000e+000
      vertex   -6.361999e+001 8.809991e+000 0.000000e+000
    endloop
  endfacet
  facet normal -0.000000e+000 0.000000e+000 -1.000000e+000
    outer loop
      vertex   -6.361999e+001 8.809991e+000 0.000000e+000
      vertex   -7.107531e+001 7.213822e+000 0.000000e+000
      vertex   -7.110881e+001 7.511071e+000 0.000000e+000
    endloop
  endfacet
  facet normal 0.000000e+000 -0.000000e+000 -1.000000e+000
    outer loop
      vertex   -7.111999e+001 7.809991e+000 0.000000e+000
      vertex   -6.361999e+001 8.809991e+000 0.000000e+000
      vertex   -7.110881e+001 7.511071e+000 0.000000e+000
    endloop
  endfacet
  facet normal 0.000000e+000 0.000000e+000 -1.000000e+000
    outer loop
      vertex   -7.111999e+001 7.809991e+000 0.000000e+000
      vertex   -6.790322e+001 1.589569e+001 0.000000e+000
      vertex   -6.361999e+001 8.809991e+000 0.000000e+000
    endloop
  endfacet
  facet normal 0.000000e+000 0.000000e+000 -1.000000e+000
    outer loop
      vertex   -7.111999e+001 7.809991e+000 0.000000e+000
      vertex   -6.807011e+001 1.590127e+001 0.000000e+000
      vertex   -6.790322e+001 1.589569e+001 0.000000e+000
    endloop
  endfacet
  facet normal 0.000000e+000 0.000000e+000 -1.000000e+000
    outer loop
      vertex   -7.111999e+001 7.809991e+000 0.000000e+000
      vertex   -6.823477e+001 1.592904e+001 0.000000e+000
      vertex   -6.807011e+001 1.590127e+001 0.000000e+000
    endloop
  endfacet
  facet normal 0.000000e+000 0.000000e+000 -1.000000e+000
    outer loop
      vertex   -7.111999e+001 7.809991e+000 0.000000e+000
      vertex   -6.839425e+001 1.597852e+001 0.000000e+000
      vertex   -6.823477e+001 1.592904e+001 0.000000e+000
    endloop
  endfacet
  facet normal 0.000000e+000 0.000000e+000 -1.000000e+000
    outer loop
      vertex   -7.111999e+001 7.809991e+000 0.000000e+000
      vertex   -6.854572e+001 1.604880e+001 0.000000e+000
      vertex   -6.839425e+001 1.597852e+001 0.000000e+000
    endloop
  endfacet
  facet normal 0.000000e+000 0.000000e+000 -1.000000e+000
    outer loop
      vertex   -7.111999e+001 7.809991e+000 0.000000e+000
      vertex   -6.868647e+001 1.613865e+001 0.000000e+000
      vertex   -6.854572e+001 1.604880e+001 0.000000e+000
    endloop
  endfacet
  facet normal 0.000000e+000 0.000000e+000 -1.000000e+000
    outer loop
      vertex   -7.111999e+001 7.809991e+000 0.000000e+000
      vertex   -6.881398e+001 1.624646e+001 0.000000e+000
      vertex   -6.868647e+001 1.613865e+001 0.000000e+000
    endloop
  endfacet
  facet normal 0.000000e+000 0.000000e+000 -1.000000e+000
    outer loop
      vertex   -7.111999e+001 7.809991e+000 0.000000e+000
      vertex   -6.892599e+001 1.637030e+001 0.000000e+000
      vertex   -6.881398e+001 1.624646e+001 0.000000e+000
    endloop
  endfacet
  facet normal 0.000000e+000 0.000000e+000 -1.000000e+000
    outer loop
      vertex   -7.111999e+001 7.809991e+000 0.000000e+000
      vertex   -6.902049e+001 1.650797e+001 0.000000e+000
      vertex   -6.892599e+001 1.637030e+001 0.000000e+000
    endloop
  endfacet
  facet normal 0.000000e+000 0.000000e+000 -1.000000e+000
    outer loop
      vertex   -7.111999e+001 7.809991e+000 0.000000e+000
      vertex   -6.909580e+001 1.665700e+001 0.000000e+000
      vertex   -6.902049e+001 1.650797e+001 0.000000e+000
    endloop
  endfacet
  facet normal 0.000000e+000 0.000000e+000 -1.000000e+000
    outer loop
      vertex   -7.111999e+001 7.809991e+000 0.000000e+000
      vertex   -6.915058e+001 1.681475e+001 0.000000e+000
      vertex   -6.909580e+001 1.665700e+001 0.000000e+000
    endloop
  endfacet
  facet normal 0.000000e+000 0.000000e+000 -1.000000e+000
    outer loop
      vertex   -7.111999e+001 7.809991e+000 0.000000e+000
      vertex   -6.918384e+001 1.697838e+001 0.000000e+000
      vertex   -6.915058e+001 1.681475e+001 0.000000e+000
    endloop
  endfacet
  facet normal 0.000000e+000 0.000000e+000 -1.000000e+000
    outer loop
      vertex   -7.111999e+001 7.809991e+000 0.000000e+000
      vertex   -6.919499e+001 1.714499e+001 0.000000e+000
      vertex   -6.918384e+001 1.697838e+001 0.000000e+000
    endloop
  endfacet
  facet normal 0.000000e+000 -0.000000e+000 -1.000000e+000
    outer loop
      vertex   -7.111999e+001 7.809991e+000 0.000000e+000
      vertex   -6.918384e+001 1.731160e+001 0.000000e+000
      vertex   -6.919499e+001 1.714499e+001 0.000000e+000
    endloop
  endfacet
  facet normal 0.000000e+000 0.000000e+000 -1.000000e+000
    outer loop
      vertex   -7.111999e+001 7.809991e+000 0.000000e+000
      vertex   -7.111999e+001 4.444999e+001 0.000000e+000
      vertex   -6.918384e+001 1.731160e+001 0.000000e+000
    endloop
  endfacet
  facet normal 0.000000e+000 0.000000e+000 -1.000000e+000
    outer loop
      vertex   -6.918384e+001 1.731160e+001 0.000000e+000
      vertex   -7.111999e+001 4.444999e+001 0.000000e+000
      vertex   -6.915058e+001 1.747524e+001 0.000000e+000
    endloop
  endfacet
  facet normal 0.000000e+000 0.000000e+000 -1.000000e+000
    outer loop
      vertex   -6.915058e+001 1.747524e+001 0.000000e+000
      vertex   -7.111999e+001 4.444999e+001 0.000000e+000
      vertex   -6.909580e+001 1.763298e+001 0.000000e+000
    endloop
  endfacet
  facet normal 0.000000e+000 0.000000e+000 -1.000000e+000
    outer loop
      vertex   -6.909580e+001 1.763298e+001 0.000000e+000
      vertex   -7.111999e+001 4.444999e+001 0.000000e+000
      vertex   -6.902049e+001 1.778201e+001 0.000000e+000
    endloop
  endfacet
  facet normal 0.000000e+000 0.000000e+000 -1.000000e+000
    outer loop
      vertex   -6.902049e+001 1.778201e+001 0.000000e+000
      vertex   -7.111999e+001 4.444999e+001 0.000000e+000
      vertex   -6.892599e+001 1.791968e+001 0.000000e+000
    endloop
  endfacet
  facet normal 0.000000e+000 0.000000e+000 -1.000000e+000
    outer loop
      vertex   -6.892599e+001 1.791968e+001 0.000000e+000
      vertex   -7.111999e+001 4.444999e+001 0.000000e+000
      vertex   -6.881398e+001 1.804352e+001 0.000000e+000
    endloop
  endfacet
  facet normal 0.000000e+000 0.000000e+000 -1.000000e+000
    outer loop
      vertex   -6.881398e+001 1.804352e+001 0.000000e+000
      vertex   -7.111999e+001 4.444999e+001 0.000000e+000
      vertex   -6.868647e+001 1.815133e+001 0.000000e+000
    endloop
  endfacet
  facet normal 0.000000e+000 0.000000e+000 -1.000000e+000
    outer loop
      vertex   -6.868647e+001 1.815133e+001 0.000000e+000
      vertex   -7.111999e+001 4.444999e+001 0.000000e+000
      vertex   -6.854572e+001 1.824118e+001 0.000000e+000
    endloop
  endfacet
  facet normal 0.000000e+000 0.000000e+000 -1.000000e+000
    outer loop
      vertex   -6.854572e+001 1.824118e+001 0.000000e+000
      vertex   -7.111999e+001 4.444999e+001 0.000000e+000
      vertex   -6.839425e+001 1.831147e+001 0.000000e+000
    endloop
  endfacet
  facet normal 0.000000e+000 0.000000e+000 -1.000000e+000
    outer loop
      vertex   -6.839425e+001 1.831147e+001 0.000000e+000
      vertex   -7.111999e+001 4.444999e+001 0.000000e+000
      vertex   -6.823477e+001 1.836094e+001 0.000000e+000
    endloop
  endfacet
  facet normal 0.000000e+000 0.000000e+000 -1.000000e+000
    outer loop
      vertex   -6.823477e+001 1.836094e+001 0.000000e+000
      vertex   -7.111999e+001 4.444999e+001 0.000000e+000
      vertex   -6.807011e+001 1.838871e+001 0.000000e+000
    endloop
  endfacet
  facet normal 0.000000e+000 0.000000e+000 -1.000000e+000
    outer loop
      vertex   -6.807011e+001 1.838871e+001 0.000000e+000
      vertex   -7.111999e+001 4.444999e+001 0.000000e+000
      vertex   -6.790322e+001 1.839429e+001 0.000000e+000
    endloop
  endfacet
  facet normal 0.000000e+000 0.000000e+000 -1.000000e+000
    outer loop
      vertex   -6.790322e+001 1.839429e+001 0.000000e+000
      vertex   -7.111999e+001 4.444999e+001 0.000000e+000
      vertex   -6.361999e+001 4.444999e+001 0.000000e+000
    endloop
  endfacet
  facet normal 0.000000e+000 -0.000000e+000 -1.000000e+000
    outer loop
      vertex   -6.773708e+001 1.837758e+001 0.000000e+000
      vertex   -6.361999e+001 4.444999e+001 0.000000e+000
      vertex   -6.757465e+001 1.833887e+001 0.000000e+000
    endloop
  endfacet
  facet normal 0.000000e+000 0.000000e+000 -1.000000e+000
    outer loop
      vertex   -6.773708e+001 1.837758e+001 0.000000e+000
      vertex   -6.790322e+001 1.839429e+001 0.000000e+000
      vertex   -6.361999e+001 4.444999e+001 0.000000e+000
    endloop
  endfacet
  facet normal 0.000000e+000 -0.000000e+000 -1.000000e+000
    outer loop
      vertex   -2.527999e+001 4.444999e+001 0.000000e+000
      vertex   -2.216058e+001 1.811024e+001 0.000000e+000
      vertex   -2.527999e+001 8.809991e+000 0.000000e+000
    endloop
  endfacet
  facet normal 0.000000e+000 -0.000000e+000 -1.000000e+000
    outer loop
      vertex   -2.527999e+001 4.444999e+001 0.000000e+000
      vertex   -2.210580e+001 1.826798e+001 0.000000e+000
      vertex   -2.216058e+001 1.811024e+001 0.000000e+000
    endloop
  endfacet
  facet normal 0.000000e+000 -0.000000e+000 -1.000000e+000
    outer loop
      vertex   -2.527999e+001 4.444999e+001 0.000000e+000
      vertex   -2.203049e+001 1.841701e+001 0.000000e+000
      vertex   -2.210580e+001 1.826798e+001 0.000000e+000
    endloop
  endfacet
  facet normal 0.000000e+000 -0.000000e+000 -1.000000e+000
    outer loop
      vertex   -2.527999e+001 4.444999e+001 0.000000e+000
      vertex   -2.193599e+001 1.855468e+001 0.000000e+000
      vertex   -2.203049e+001 1.841701e+001 0.000000e+000
    endloop
  endfacet
  facet normal 0.000000e+000 -0.000000e+000 -1.000000e+000
    outer loop
      vertex   -2.527999e+001 4.444999e+001 0.000000e+000
      vertex   -2.182398e+001 1.867852e+001 0.000000e+000
      vertex   -2.193599e+001 1.855468e+001 0.000000e+000
    endloop
  endfacet
  facet normal 0.000000e+000 -0.000000e+000 -1.000000e+000
    outer loop
      vertex   -2.527999e+001 4.444999e+001 0.000000e+000
      vertex   -2.169647e+001 1.878633e+001 0.000000e+000
      vertex   -2.182398e+001 1.867852e+001 0.000000e+000
    endloop
  endfacet
  facet normal 0.000000e+000 -0.000000e+000 -1.000000e+000
    outer loop
      vertex   -2.527999e+001 4.444999e+001 0.000000e+000
      vertex   -2.155572e+001 1.887618e+001 0.000000e+000
      vertex   -2.169647e+001 1.878633e+001 0.000000e+000
    endloop
  endfacet
  facet normal 0.000000e+000 -0.000000e+000 -1.000000e+000
    outer loop
      vertex   -2.527999e+001 4.444999e+001 0.000000e+000
      vertex   -2.140425e+001 1.894647e+001 0.000000e+000
      vertex   -2.155572e+001 1.887618e+001 0.000000e+000
    endloop
  endfacet
  facet normal 0.000000e+000 -0.000000e+000 -1.000000e+000
    outer loop
      vertex   -2.527999e+001 4.444999e+001 0.000000e+000
      vertex   -2.124477e+001 1.899594e+001 0.000000e+000
      vertex   -2.140425e+001 1.894647e+001 0.000000e+000
    endloop
  endfacet
  facet normal 0.000000e+000 -0.000000e+000 -1.000000e+000
    outer loop
      vertex   -2.527999e+001 4.444999e+001 0.000000e+000
      vertex   -2.108011e+001 1.902371e+001 0.000000e+000
      vertex   -2.124477e+001 1.899594e+001 0.000000e+000
    endloop
  endfacet
  facet normal 0.000000e+000 -0.000000e+000 -1.000000e+000
    outer loop
      vertex   -2.527999e+001 4.444999e+001 0.000000e+000
      vertex   -2.091322e+001 1.902929e+001 0.000000e+000
      vertex   -2.108011e+001 1.902371e+001 0.000000e+000
    endloop
  endfacet
  facet normal 0.000000e+000 -0.000000e+000 -1.000000e+000
    outer loop
      vertex   -2.527999e+001 4.444999e+001 0.000000e+000
      vertex   -1.777999e+001 4.444999e+001 0.000000e+000
      vertex   -2.091322e+001 1.902929e+001 0.000000e+000
    endloop
  endfacet
  facet normal 0.000000e+000 0.000000e+000 -1.000000e+000
    outer loop
      vertex   -2.527999e+001 4.444999e+001 0.000000e+000
      vertex   -2.091322e+001 6.987069e+001 0.000000e+000
      vertex   -1.777999e+001 4.444999e+001 0.000000e+000
    endloop
  endfacet
  facet normal 0.000000e+000 0.000000e+000 -1.000000e+000
    outer loop
      vertex   -2.527999e+001 4.444999e+001 0.000000e+000
      vertex   -2.108011e+001 6.987627e+001 0.000000e+000
      vertex   -2.091322e+001 6.987069e+001 0.000000e+000
    endloop
  endfacet
  facet normal 0.000000e+000 0.000000e+000 -1.000000e+000
    outer loop
      vertex   -2.527999e+001 4.444999e+001 0.000000e+000
      vertex   -2.124477e+001 6.990404e+001 0.000000e+000
      vertex   -2.108011e+001 6.987627e+001 0.000000e+000
    endloop
  endfacet
  facet normal 0.000000e+000 0.000000e+000 -1.000000e+000
    outer loop
      vertex   -2.527999e+001 4.444999e+001 0.000000e+000
      vertex   -2.140425e+001 6.995352e+001 0.000000e+000
      vertex   -2.124477e+001 6.990404e+001 0.000000e+000
    endloop
  endfacet
  facet normal 0.000000e+000 0.000000e+000 -1.000000e+000
    outer loop
      vertex   -2.527999e+001 4.444999e+001 0.000000e+000
      vertex   -2.155572e+001 7.002380e+001 0.000000e+000
      vertex   -2.140425e+001 6.995352e+001 0.000000e+000
    endloop
  endfacet
  facet normal 0.000000e+000 0.000000e+000 -1.000000e+000
    outer loop
      vertex   -2.527999e+001 4.444999e+001 0.000000e+000
      vertex   -2.169647e+001 7.011365e+001 0.000000e+000
      vertex   -2.155572e+001 7.002380e+001 0.000000e+000
    endloop
  endfacet
  facet normal 0.000000e+000 0.000000e+000 -1.000000e+000
    outer loop
      vertex   -2.527999e+001 4.444999e+001 0.000000e+000
      vertex   -2.182398e+001 7.022146e+001 0.000000e+000
      vertex   -2.169647e+001 7.011365e+001 0.000000e+000
    endloop
  endfacet
  facet normal 0.000000e+000 0.000000e+000 -1.000000e+000
    outer loop
      vertex   -2.527999e+001 4.444999e+001 0.000000e+000
      vertex   -2.193599e+001 7.034530e+001 0.000000e+000
      vertex   -2.182398e+001 7.022146e+001 0.000000e+000
    endloop
  endfacet
  facet normal 0.000000e+000 0.000000e+000 -1.000000e+000
    outer loop
      vertex   -2.527999e+001 4.444999e+001 0.000000e+000
      vertex   -2.203049e+001 7.048297e+001 0.000000e+000
      vertex   -2.193599e+001 7.034530e+001 0.000000e+000
    endloop
  endfacet
  facet normal 0.000000e+000 0.000000e+000 -1.000000e+000
    outer loop
      vertex   -2.527999e+001 4.444999e+001 0.000000e+000
      vertex   -2.210580e+001 7.063200e+001 0.000000e+000
      vertex   -2.203049e+001 7.048297e+001 0.000000e+000
    endloop
  endfacet
  facet normal 0.000000e+000 0.000000e+000 -1.000000e+000
    outer loop
      vertex   -2.527999e+001 4.444999e+001 0.000000e+000
      vertex   -2.216058e+001 7.078975e+001 0.000000e+000
      vertex   -2.210580e+001 7.063200e+001 0.000000e+000
    endloop
  endfacet
  facet normal 0.000000e+000 0.000000e+000 -1.000000e+000
    outer loop
      vertex   -2.527999e+001 4.444999e+001 0.000000e+000
      vertex   -2.527999e+001 8.008999e+001 0.000000e+000
      vertex   -2.216058e+001 7.078975e+001 0.000000e+000
    endloop
  endfacet
  facet normal 0.000000e+000 0.000000e+000 -1.000000e+000
    outer loop
      vertex   -2.216058e+001 7.078975e+001 0.000000e+000
      vertex   -2.527999e+001 8.008999e+001 0.000000e+000
      vertex   -2.219384e+001 7.095338e+001 0.000000e+000
    endloop
  endfacet
  facet normal 0.000000e+000 0.000000e+000 -1.000000e+000
    outer loop
      vertex   -2.219384e+001 7.095338e+001 0.000000e+000
      vertex   -2.527999e+001 8.008999e+001 0.000000e+000
      vertex   -2.220499e+001 7.111999e+001 0.000000e+000
    endloop
  endfacet
  facet normal 0.000000e+000 0.000000e+000 -1.000000e+000
    outer loop
      vertex   -2.220499e+001 7.111999e+001 0.000000e+000
      vertex   -2.527999e+001 8.008999e+001 0.000000e+000
      vertex   -2.219384e+001 7.128660e+001 0.000000e+000
    endloop
  endfacet
  facet normal 0.000000e+000 0.000000e+000 -1.000000e+000
    outer loop
      vertex   -2.219384e+001 7.128660e+001 0.000000e+000
      vertex   -2.527999e+001 8.008999e+001 0.000000e+000
      vertex   -2.216058e+001 7.145024e+001 0.000000e+000
    endloop
  endfacet
  facet normal 0.000000e+000 0.000000e+000 -1.000000e+000
    outer loop
      vertex   -2.216058e+001 7.145024e+001 0.000000e+000
      vertex   -2.527999e+001 8.008999e+001 0.000000e+000
      vertex   -2.210580e+001 7.160798e+001 0.000000e+000
    endloop
  endfacet
  facet normal 0.000000e+000 0.000000e+000 -1.000000e+000
    outer loop
      vertex   -2.210580e+001 7.160798e+001 0.000000e+000
      vertex   -2.527999e+001 8.008999e+001 0.000000e+000
      vertex   -2.203049e+001 7.175701e+001 0.000000e+000
    endloop
  endfacet
  facet normal 0.000000e+000 0.000000e+000 -1.000000e+000
    outer loop
      vertex   -2.203049e+001 7.175701e+001 0.000000e+000
      vertex   -2.527999e+001 8.008999e+001 0.000000e+000
      vertex   -2.193599e+001 7.189468e+001 0.000000e+000
    endloop
  endfacet
  facet normal 0.000000e+000 0.000000e+000 -1.000000e+000
    outer loop
      vertex   -2.193599e+001 7.189468e+001 0.000000e+000
      vertex   -2.527999e+001 8.008999e+001 0.000000e+000
      vertex   -2.182398e+001 7.201852e+001 0.000000e+000
    endloop
  endfacet
  facet normal 0.000000e+000 0.000000e+000 -1.000000e+000
    outer loop
      vertex   -2.182398e+001 7.201852e+001 0.000000e+000
      vertex   -2.527999e+001 8.008999e+001 0.000000e+000
      vertex   -2.169647e+001 7.212633e+001 0.000000e+000
    endloop
  endfacet
  facet normal 0.000000e+000 0.000000e+000 -1.000000e+000
    outer loop
      vertex   -2.169647e+001 7.212633e+001 0.000000e+000
      vertex   -2.527999e+001 8.008999e+001 0.000000e+000
      vertex   -2.155572e+001 7.221618e+001 0.000000e+000
    endloop
  endfacet
  facet normal 0.000000e+000 0.000000e+000 -1.000000e+000
    outer loop
      vertex   -2.155572e+001 7.221618e+001 0.000000e+000
      vertex   -2.527999e+001 8.008999e+001 0.000000e+000
      vertex   -2.140425e+001 7.228647e+001 0.000000e+000
    endloop
  endfacet
  facet normal 0.000000e+000 0.000000e+000 -1.000000e+000
    outer loop
      vertex   -2.140425e+001 7.228647e+001 0.000000e+000
      vertex   -2.527999e+001 8.008999e+001 0.000000e+000
      vertex   -2.124477e+001 7.233594e+001 0.000000e+000
    endloop
  endfacet
  facet normal 0.000000e+000 0.000000e+000 -1.000000e+000
    outer loop
      vertex   -2.124477e+001 7.233594e+001 0.000000e+000
      vertex   -2.527999e+001 8.008999e+001 0.000000e+000
      vertex   -2.108011e+001 7.236371e+001 0.000000e+000
    endloop
  endfacet
  facet normal 0.000000e+000 0.000000e+000 -1.000000e+000
    outer loop
      vertex   -2.108011e+001 7.236371e+001 0.000000e+000
      vertex   -2.527999e+001 8.008999e+001 0.000000e+000
      vertex   -2.091322e+001 7.236929e+001 0.000000e+000
    endloop
  endfacet
  facet normal 0.000000e+000 0.000000e+000 -1.000000e+000
    outer loop
      vertex   -2.091322e+001 7.236929e+001 0.000000e+000
      vertex   -2.527999e+001 8.008999e+001 0.000000e+000
      vertex   -1.777999e+001 8.108999e+001 0.000000e+000
    endloop
  endfacet
  facet normal 0.000000e+000 -0.000000e+000 -1.000000e+000
    outer loop
      vertex   -2.074708e+001 7.235258e+001 0.000000e+000
      vertex   -1.777999e+001 8.108999e+001 0.000000e+000
      vertex   -2.058465e+001 7.231387e+001 0.000000e+000
    endloop
  endfacet
  facet normal 0.000000e+000 0.000000e+000 -1.000000e+000
    outer loop
      vertex   -2.074708e+001 7.235258e+001 0.000000e+000
      vertex   -2.091322e+001 7.236929e+001 0.000000e+000
      vertex   -1.777999e+001 8.108999e+001 0.000000e+000
    endloop
  endfacet
  facet normal 0.000000e+000 -0.000000e+000 -1.000000e+000
    outer loop
      vertex   -6.361999e+001 8.008999e+001 0.000000e+000
      vertex   -2.177999e+001 8.508999e+001 0.000000e+000
      vertex   -2.527999e+001 8.008999e+001 0.000000e+000
    endloop
  endfacet
  facet normal 0.000000e+000 0.000000e+000 -1.000000e+000
    outer loop
      vertex   -6.361999e+001 8.008999e+001 0.000000e+000
      vertex   -6.711999e+001 8.508999e+001 0.000000e+000
      vertex   -2.177999e+001 8.508999e+001 0.000000e+000
    endloop
  endfacet
  facet normal 0.000000e+000 0.000000e+000 -1.000000e+000
    outer loop
      vertex   -6.361999e+001 8.008999e+001 0.000000e+000
      vertex   -7.005220e+001 8.381068e+001 0.000000e+000
      vertex   -6.711999e+001 8.508999e+001 0.000000e+000
    endloop
  endfacet
  facet normal 0.000000e+000 0.000000e+000 -1.000000e+000
    outer loop
      vertex   -6.361999e+001 8.008999e+001 0.000000e+000
      vertex   -7.024732e+001 8.358395e+001 0.000000e+000
      vertex   -7.005220e+001 8.381068e+001 0.000000e+000
    endloop
  endfacet
  facet normal 0.000000e+000 0.000000e+000 -1.000000e+000
    outer loop
      vertex   -6.361999e+001 8.008999e+001 0.000000e+000
      vertex   -7.042495e+001 8.334327e+001 0.000000e+000
      vertex   -7.024732e+001 8.358395e+001 0.000000e+000
    endloop
  endfacet
  facet normal 0.000000e+000 0.000000e+000 -1.000000e+000
    outer loop
      vertex   -6.361999e+001 8.008999e+001 0.000000e+000
      vertex   -7.058409e+001 8.308999e+001 0.000000e+000
      vertex   -7.042495e+001 8.334327e+001 0.000000e+000
    endloop
  endfacet
  facet normal 0.000000e+000 0.000000e+000 -1.000000e+000
    outer loop
      vertex   -6.361999e+001 8.008999e+001 0.000000e+000
      vertex   -7.072387e+001 8.282553e+001 0.000000e+000
      vertex   -7.058409e+001 8.308999e+001 0.000000e+000
    endloop
  endfacet
  facet normal 0.000000e+000 0.000000e+000 -1.000000e+000
    outer loop
      vertex   -6.361999e+001 8.008999e+001 0.000000e+000
      vertex   -7.084349e+001 8.255136e+001 0.000000e+000
      vertex   -7.072387e+001 8.282553e+001 0.000000e+000
    endloop
  endfacet
  facet normal 0.000000e+000 0.000000e+000 -1.000000e+000
    outer loop
      vertex   -6.361999e+001 8.008999e+001 0.000000e+000
      vertex   -7.094228e+001 8.226901e+001 0.000000e+000
      vertex   -7.084349e+001 8.255136e+001 0.000000e+000
    endloop
  endfacet
  facet normal 0.000000e+000 0.000000e+000 -1.000000e+000
    outer loop
      vertex   -6.361999e+001 8.008999e+001 0.000000e+000
      vertex   -7.101970e+001 8.198007e+001 0.000000e+000
      vertex   -7.094228e+001 8.226901e+001 0.000000e+000
    endloop
  endfacet
  facet normal 0.000000e+000 0.000000e+000 -1.000000e+000
    outer loop
      vertex   -6.361999e+001 8.008999e+001 0.000000e+000
      vertex   -7.107531e+001 8.168616e+001 0.000000e+000
      vertex   -7.101970e+001 8.198007e+001 0.000000e+000
    endloop
  endfacet
  facet normal 0.000000e+000 0.000000e+000 -1.000000e+000
    outer loop
      vertex   -6.361999e+001 8.008999e+001 0.000000e+000
      vertex   -7.110881e+001 8.138891e+001 0.000000e+000
      vertex   -7.107531e+001 8.168616e+001 0.000000e+000
    endloop
  endfacet
  facet normal 0.000000e+000 0.000000e+000 -1.000000e+000
    outer loop
      vertex   -6.361999e+001 8.008999e+001 0.000000e+000
      vertex   -7.111999e+001 8.108999e+001 0.000000e+000
      vertex   -7.110881e+001 8.138891e+001 0.000000e+000
    endloop
  endfacet
  facet normal -0.000000e+000 0.000000e+000 -1.000000e+000
    outer loop
      vertex   -6.361999e+001 8.008999e+001 0.000000e+000
      vertex   -6.790322e+001 7.300429e+001 0.000000e+000
      vertex   -7.111999e+001 8.108999e+001 0.000000e+000
    endloop
  endfacet
  facet normal -0.000000e+000 0.000000e+000 -1.000000e+000
    outer loop
      vertex   -6.361999e+001 8.008999e+001 0.000000e+000
      vertex   -6.773708e+001 7.298758e+001 0.000000e+000
      vertex   -6.790322e+001 7.300429e+001 0.000000e+000
    endloop
  endfacet
  facet normal -0.000000e+000 0.000000e+000 -1.000000e+000
    outer loop
      vertex   -6.361999e+001 8.008999e+001 0.000000e+000
      vertex   -6.757465e+001 7.294887e+001 0.000000e+000
      vertex   -6.773708e+001 7.298758e+001 0.000000e+000
    endloop
  endfacet
  facet normal -0.000000e+000 0.000000e+000 -1.000000e+000
    outer loop
      vertex   -6.361999e+001 8.008999e+001 0.000000e+000
      vertex   -6.741882e+001 7.288885e+001 0.000000e+000
      vertex   -6.757465e+001 7.294887e+001 0.000000e+000
    endloop
  endfacet
  facet normal -0.000000e+000 0.000000e+000 -1.000000e+000
    outer loop
      vertex   -6.361999e+001 8.008999e+001 0.000000e+000
      vertex   -6.727239e+001 7.280861e+001 0.000000e+000
      vertex   -6.741882e+001 7.288885e+001 0.000000e+000
    endloop
  endfacet
  facet normal -0.000000e+000 0.000000e+000 -1.000000e+000
    outer loop
      vertex   -6.361999e+001 8.008999e+001 0.000000e+000
      vertex   -6.713796e+001 7.270956e+001 0.000000e+000
      vertex   -6.727239e+001 7.280861e+001 0.000000e+000
    endloop
  endfacet
  facet normal -0.000000e+000 0.000000e+000 -1.000000e+000
    outer loop
      vertex   -6.361999e+001 8.008999e+001 0.000000e+000
      vertex   -6.701793e+001 7.259347e+001 0.000000e+000
      vertex   -6.713796e+001 7.270956e+001 0.000000e+000
    endloop
  endfacet
  facet normal -0.000000e+000 0.000000e+000 -1.000000e+000
    outer loop
      vertex   -6.361999e+001 8.008999e+001 0.000000e+000
      vertex   -6.691444e+001 7.246242e+001 0.000000e+000
      vertex   -6.701793e+001 7.259347e+001 0.000000e+000
    endloop
  endfacet
  facet normal -0.000000e+000 0.000000e+000 -1.000000e+000
    outer loop
      vertex   -6.361999e+001 8.008999e+001 0.000000e+000
      vertex   -6.682934e+001 7.231875e+001 0.000000e+000
      vertex   -6.691444e+001 7.246242e+001 0.000000e+000
    endloop
  endfacet
  facet normal -0.000000e+000 0.000000e+000 -1.000000e+000
    outer loop
      vertex   -6.361999e+001 8.008999e+001 0.000000e+000
      vertex   -6.676415e+001 7.216502e+001 0.000000e+000
      vertex   -6.682934e+001 7.231875e+001 0.000000e+000
    endloop
  endfacet
  facet normal -0.000000e+000 0.000000e+000 -1.000000e+000
    outer loop
      vertex   -6.361999e+001 8.008999e+001 0.000000e+000
      vertex   -6.672004e+001 7.200397e+001 0.000000e+000
      vertex   -6.676415e+001 7.216502e+001 0.000000e+000
    endloop
  endfacet
  facet normal -0.000000e+000 0.000000e+000 -1.000000e+000
    outer loop
      vertex   -6.361999e+001 8.008999e+001 0.000000e+000
      vertex   -6.669778e+001 7.183848e+001 0.000000e+000
      vertex   -6.672004e+001 7.200397e+001 0.000000e+000
    endloop
  endfacet
  facet normal -0.000000e+000 0.000000e+000 -1.000000e+000
    outer loop
      vertex   -6.361999e+001 8.008999e+001 0.000000e+000
      vertex   -6.669778e+001 7.167150e+001 0.000000e+000
      vertex   -6.669778e+001 7.183848e+001 0.000000e+000
    endloop
  endfacet
  facet normal -0.000000e+000 0.000000e+000 -1.000000e+000
    outer loop
      vertex   -6.361999e+001 8.008999e+001 0.000000e+000
      vertex   -6.672004e+001 7.150601e+001 0.000000e+000
      vertex   -6.669778e+001 7.167150e+001 0.000000e+000
    endloop
  endfacet
  facet normal -0.000000e+000 -0.000000e+000 -1.000000e+000
    outer loop
      vertex   -6.361999e+001 8.008999e+001 0.000000e+000
      vertex   -6.361999e+001 4.444999e+001 0.000000e+000
      vertex   -6.672004e+001 7.150601e+001 0.000000e+000
    endloop
  endfacet
  facet normal -0.000000e+000 -0.000000e+000 -1.000000e+000
    outer loop
      vertex   -6.672004e+001 7.150601e+001 0.000000e+000
      vertex   -6.361999e+001 4.444999e+001 0.000000e+000
      vertex   -6.676415e+001 7.134496e+001 0.000000e+000
    endloop
  endfacet
  facet normal -0.000000e+000 -0.000000e+000 -1.000000e+000
    outer loop
      vertex   -6.676415e+001 7.134496e+001 0.000000e+000
      vertex   -6.361999e+001 4.444999e+001 0.000000e+000
      vertex   -6.682934e+001 7.119123e+001 0.000000e+000
    endloop
  endfacet
  facet normal -0.000000e+000 -0.000000e+000 -1.000000e+000
    outer loop
      vertex   -6.682934e+001 7.119123e+001 0.000000e+000
      vertex   -6.361999e+001 4.444999e+001 0.000000e+000
      vertex   -6.691444e+001 7.104756e+001 0.000000e+000
    endloop
  endfacet
  facet normal -0.000000e+000 -0.000000e+000 -1.000000e+000
    outer loop
      vertex   -6.691444e+001 7.104756e+001 0.000000e+000
      vertex   -6.361999e+001 4.444999e+001 0.000000e+000
      vertex   -6.701793e+001 7.091651e+001 0.000000e+000
    endloop
  endfacet
  facet normal -0.000000e+000 -0.000000e+000 -1.000000e+000
    outer loop
      vertex   -6.701793e+001 7.091651e+001 0.000000e+000
      vertex   -6.361999e+001 4.444999e+001 0.000000e+000
      vertex   -6.713796e+001 7.080043e+001 0.000000e+000
    endloop
  endfacet
  facet normal -0.000000e+000 -0.000000e+000 -1.000000e+000
    outer loop
      vertex   -6.713796e+001 7.080043e+001 0.000000e+000
      vertex   -6.361999e+001 4.444999e+001 0.000000e+000
      vertex   -6.727239e+001 7.070138e+001 0.000000e+000
    endloop
  endfacet
  facet normal -0.000000e+000 -0.000000e+000 -1.000000e+000
    outer loop
      vertex   -6.727239e+001 7.070138e+001 0.000000e+000
      vertex   -6.361999e+001 4.444999e+001 0.000000e+000
      vertex   -6.741882e+001 7.062113e+001 0.000000e+000
    endloop
  endfacet
  facet normal -0.000000e+000 -0.000000e+000 -1.000000e+000
    outer loop
      vertex   -6.741882e+001 7.062113e+001 0.000000e+000
      vertex   -6.361999e+001 4.444999e+001 0.000000e+000
      vertex   -6.757465e+001 7.056111e+001 0.000000e+000
    endloop
  endfacet
  facet normal -0.000000e+000 -0.000000e+000 -1.000000e+000
    outer loop
      vertex   -6.757465e+001 7.056111e+001 0.000000e+000
      vertex   -6.361999e+001 4.444999e+001 0.000000e+000
      vertex   -6.773708e+001 7.052240e+001 0.000000e+000
    endloop
  endfacet
  facet normal -0.000000e+000 -0.000000e+000 -1.000000e+000
    outer loop
      vertex   -6.773708e+001 7.052240e+001 0.000000e+000
      vertex   -6.361999e+001 4.444999e+001 0.000000e+000
      vertex   -6.790322e+001 7.050569e+001 0.000000e+000
    endloop
  endfacet
  facet normal -0.000000e+000 -0.000000e+000 -1.000000e+000
    outer loop
      vertex   -6.790322e+001 7.050569e+001 0.000000e+000
      vertex   -6.361999e+001 4.444999e+001 0.000000e+000
      vertex   -7.111999e+001 4.444999e+001 0.000000e+000
    endloop
  endfacet
  facet normal -0.000000e+000 0.000000e+000 -1.000000e+000
    outer loop
      vertex   -6.807011e+001 7.051127e+001 0.000000e+000
      vertex   -7.111999e+001 4.444999e+001 0.000000e+000
      vertex   -6.823477e+001 7.053904e+001 0.000000e+000
    endloop
  endfacet
  facet normal 0.000000e+000 -0.000000e+000 -1.000000e+000
    outer loop
      vertex   -6.807011e+001 7.051127e+001 0.000000e+000
      vertex   -6.790322e+001 7.050569e+001 0.000000e+000
      vertex   -7.111999e+001 4.444999e+001 0.000000e+000
    endloop
  endfacet
  facet normal 0.000000e+000 0.000000e+000 -1.000000e+000
    outer loop
      vertex   -6.361999e+001 8.809991e+000 0.000000e+000
      vertex   -6.672004e+001 1.739397e+001 0.000000e+000
      vertex   -6.361999e+001 4.444999e+001 0.000000e+000
    endloop
  endfacet
  facet normal 0.000000e+000 0.000000e+000 -1.000000e+000
    outer loop
      vertex   -6.361999e+001 8.809991e+000 0.000000e+000
      vertex   -6.669778e+001 1.722848e+001 0.000000e+000
      vertex   -6.672004e+001 1.739397e+001 0.000000e+000
    endloop
  endfacet
  facet normal 0.000000e+000 0.000000e+000 -1.000000e+000
    outer loop
      vertex   -6.361999e+001 8.809991e+000 0.000000e+000
      vertex   -6.669778e+001 1.706150e+001 0.000000e+000
      vertex   -6.669778e+001 1.722848e+001 0.000000e+000
    endloop
  endfacet
  facet normal 0.000000e+000 0.000000e+000 -1.000000e+000
    outer loop
      vertex   -6.361999e+001 8.809991e+000 0.000000e+000
      vertex   -6.672004e+001 1.689601e+001 0.000000e+000
      vertex   -6.669778e+001 1.706150e+001 0.000000e+000
    endloop
  endfacet
  facet normal 0.000000e+000 0.000000e+000 -1.000000e+000
    outer loop
      vertex   -6.361999e+001 8.809991e+000 0.000000e+000
      vertex   -6.676415e+001 1.673496e+001 0.000000e+000
      vertex   -6.672004e+001 1.689601e+001 0.000000e+000
    endloop
  endfacet
  facet normal 0.000000e+000 0.000000e+000 -1.000000e+000
    outer loop
      vertex   -6.361999e+001 8.809991e+000 0.000000e+000
      vertex   -6.682934e+001 1.658123e+001 0.000000e+000
      vertex   -6.676415e+001 1.673496e+001 0.000000e+000
    endloop
  endfacet
  facet normal 0.000000e+000 0.000000e+000 -1.000000e+000
    outer loop
      vertex   -6.361999e+001 8.809991e+000 0.000000e+000
      vertex   -6.691444e+001 1.643756e+001 0.000000e+000
      vertex   -6.682934e+001 1.658123e+001 0.000000e+000
    endloop
  endfacet
  facet normal 0.000000e+000 0.000000e+000 -1.000000e+000
    outer loop
      vertex   -6.361999e+001 8.809991e+000 0.000000e+000
      vertex   -6.701793e+001 1.630651e+001 0.000000e+000
      vertex   -6.691444e+001 1.643756e+001 0.000000e+000
    endloop
  endfacet
  facet normal 0.000000e+000 0.000000e+000 -1.000000e+000
    outer loop
      vertex   -6.361999e+001 8.809991e+000 0.000000e+000
      vertex   -6.713796e+001 1.619043e+001 0.000000e+000
      vertex   -6.701793e+001 1.630651e+001 0.000000e+000
    endloop
  endfacet
  facet normal 0.000000e+000 0.000000e+000 -1.000000e+000
    outer loop
      vertex   -6.361999e+001 8.809991e+000 0.000000e+000
      vertex   -6.727239e+001 1.609138e+001 0.000000e+000
      vertex   -6.713796e+001 1.619043e+001 0.000000e+000
    endloop
  endfacet
  facet normal 0.000000e+000 0.000000e+000 -1.000000e+000
    outer loop
      vertex   -6.361999e+001 8.809991e+000 0.000000e+000
      vertex   -6.741882e+001 1.601113e+001 0.000000e+000
      vertex   -6.727239e+001 1.609138e+001 0.000000e+000
    endloop
  endfacet
  facet normal 0.000000e+000 0.000000e+000 -1.000000e+000
    outer loop
      vertex   -6.361999e+001 8.809991e+000 0.000000e+000
      vertex   -6.757465e+001 1.595111e+001 0.000000e+000
      vertex   -6.741882e+001 1.601113e+001 0.000000e+000
    endloop
  endfacet
  facet normal 0.000000e+000 0.000000e+000 -1.000000e+000
    outer loop
      vertex   -6.361999e+001 8.809991e+000 0.000000e+000
      vertex   -6.773708e+001 1.591240e+001 0.000000e+000
      vertex   -6.757465e+001 1.595111e+001 0.000000e+000
    endloop
  endfacet
  facet normal 0.000000e+000 0.000000e+000 -1.000000e+000
    outer loop
      vertex   -6.361999e+001 8.809991e+000 0.000000e+000
      vertex   -6.790322e+001 1.589569e+001 0.000000e+000
      vertex   -6.773708e+001 1.591240e+001 0.000000e+000
    endloop
  endfacet
  facet normal 0.000000e+000 0.000000e+000 -1.000000e+000
    outer loop
      vertex   -6.361999e+001 8.809991e+000 0.000000e+000
      vertex   -4.694999e+001 8.809991e+000 0.000000e+000
      vertex   -4.694999e+001 6.809991e+000 0.000000e+000
    endloop
  endfacet
  facet normal 0.000000e+000 0.000000e+000 -1.000000e+000
    outer loop
      vertex   -6.672004e+001 1.739397e+001 0.000000e+000
      vertex   -6.676415e+001 1.755502e+001 0.000000e+000
      vertex   -6.361999e+001 4.444999e+001 0.000000e+000
    endloop
  endfacet
  facet normal -0.000000e+000 0.000000e+000 -1.000000e+000
    outer loop
      vertex   -6.361999e+001 4.444999e+001 0.000000e+000
      vertex   -6.676415e+001 1.755502e+001 0.000000e+000
      vertex   -6.682934e+001 1.770875e+001 0.000000e+000
    endloop
  endfacet
  facet normal 0.000000e+000 -0.000000e+000 -1.000000e+000
    outer loop
      vertex   -6.691444e+001 1.785242e+001 0.000000e+000
      vertex   -6.361999e+001 4.444999e+001 0.000000e+000
      vertex   -6.682934e+001 1.770875e+001 0.000000e+000
    endloop
  endfacet
  facet normal 0.000000e+000 0.000000e+000 -1.000000e+000
    outer loop
      vertex   -6.691444e+001 1.785242e+001 0.000000e+000
      vertex   -6.701793e+001 1.798347e+001 0.000000e+000
      vertex   -6.361999e+001 4.444999e+001 0.000000e+000
    endloop
  endfacet
  facet normal -0.000000e+000 0.000000e+000 -1.000000e+000
    outer loop
      vertex   -6.361999e+001 4.444999e+001 0.000000e+000
      vertex   -6.701793e+001 1.798347e+001 0.000000e+000
      vertex   -6.713796e+001 1.809956e+001 0.000000e+000
    endloop
  endfacet
  facet normal 0.000000e+000 -0.000000e+000 -1.000000e+000
    outer loop
      vertex   -6.727239e+001 1.819861e+001 0.000000e+000
      vertex   -6.361999e+001 4.444999e+001 0.000000e+000
      vertex   -6.713796e+001 1.809956e+001 0.000000e+000
    endloop
  endfacet
  facet normal 0.000000e+000 0.000000e+000 -1.000000e+000
    outer loop
      vertex   -6.727239e+001 1.819861e+001 0.000000e+000
      vertex   -6.741882e+001 1.827885e+001 0.000000e+000
      vertex   -6.361999e+001 4.444999e+001 0.000000e+000
    endloop
  endfacet
  facet normal -0.000000e+000 0.000000e+000 -1.000000e+000
    outer loop
      vertex   -6.361999e+001 4.444999e+001 0.000000e+000
      vertex   -6.741882e+001 1.827885e+001 0.000000e+000
      vertex   -6.757465e+001 1.833887e+001 0.000000e+000
    endloop
  endfacet
  facet normal -0.000000e+000 0.000000e+000 -1.000000e+000
    outer loop
      vertex   -6.918384e+001 7.192160e+001 0.000000e+000
      vertex   -6.919499e+001 7.175499e+001 0.000000e+000
      vertex   -7.111999e+001 8.108999e+001 0.000000e+000
    endloop
  endfacet
  facet normal 0.000000e+000 0.000000e+000 -1.000000e+000
    outer loop
      vertex   -6.915058e+001 7.208524e+001 0.000000e+000
      vertex   -7.111999e+001 8.108999e+001 0.000000e+000
      vertex   -6.909580e+001 7.224298e+001 0.000000e+000
    endloop
  endfacet
  facet normal -0.000000e+000 0.000000e+000 -1.000000e+000
    outer loop
      vertex   -6.915058e+001 7.208524e+001 0.000000e+000
      vertex   -6.918384e+001 7.192160e+001 0.000000e+000
      vertex   -7.111999e+001 8.108999e+001 0.000000e+000
    endloop
  endfacet
  facet normal -0.000000e+000 0.000000e+000 -1.000000e+000
    outer loop
      vertex   -6.915058e+001 7.142475e+001 0.000000e+000
      vertex   -7.111999e+001 4.444999e+001 0.000000e+000
      vertex   -6.918384e+001 7.158838e+001 0.000000e+000
    endloop
  endfacet
  facet normal 0.000000e+000 -0.000000e+000 -1.000000e+000
    outer loop
      vertex   -6.915058e+001 7.142475e+001 0.000000e+000
      vertex   -6.909580e+001 7.126700e+001 0.000000e+000
      vertex   -7.111999e+001 4.444999e+001 0.000000e+000
    endloop
  endfacet
  facet normal 0.000000e+000 0.000000e+000 -1.000000e+000
    outer loop
      vertex   -7.111999e+001 4.444999e+001 0.000000e+000
      vertex   -6.909580e+001 7.126700e+001 0.000000e+000
      vertex   -6.902049e+001 7.111797e+001 0.000000e+000
    endloop
  endfacet
  facet normal -0.000000e+000 0.000000e+000 -1.000000e+000
    outer loop
      vertex   -6.892599e+001 7.098030e+001 0.000000e+000
      vertex   -7.111999e+001 4.444999e+001 0.000000e+000
      vertex   -6.902049e+001 7.111797e+001 0.000000e+000
    endloop
  endfacet
  facet normal 0.000000e+000 -0.000000e+000 -1.000000e+000
    outer loop
      vertex   -6.892599e+001 7.098030e+001 0.000000e+000
      vertex   -6.881398e+001 7.085646e+001 0.000000e+000
      vertex   -7.111999e+001 4.444999e+001 0.000000e+000
    endloop
  endfacet
  facet normal 0.000000e+000 0.000000e+000 -1.000000e+000
    outer loop
      vertex   -7.111999e+001 4.444999e+001 0.000000e+000
      vertex   -6.881398e+001 7.085646e+001 0.000000e+000
      vertex   -6.868647e+001 7.074865e+001 0.000000e+000
    endloop
  endfacet
  facet normal -0.000000e+000 0.000000e+000 -1.000000e+000
    outer loop
      vertex   -6.854572e+001 7.065880e+001 0.000000e+000
      vertex   -7.111999e+001 4.444999e+001 0.000000e+000
      vertex   -6.868647e+001 7.074865e+001 0.000000e+000
    endloop
  endfacet
  facet normal 0.000000e+000 -0.000000e+000 -1.000000e+000
    outer loop
      vertex   -6.854572e+001 7.065880e+001 0.000000e+000
      vertex   -6.839425e+001 7.058852e+001 0.000000e+000
      vertex   -7.111999e+001 4.444999e+001 0.000000e+000
    endloop
  endfacet
  facet normal 0.000000e+000 0.000000e+000 -1.000000e+000
    outer loop
      vertex   -7.111999e+001 4.444999e+001 0.000000e+000
      vertex   -6.839425e+001 7.058852e+001 0.000000e+000
      vertex   -6.823477e+001 7.053904e+001 0.000000e+000
    endloop
  endfacet
  facet normal -0.000000e+000 0.000000e+000 -1.000000e+000
    outer loop
      vertex   -6.790322e+001 7.300429e+001 0.000000e+000
      vertex   -6.807011e+001 7.299871e+001 0.000000e+000
      vertex   -7.111999e+001 8.108999e+001 0.000000e+000
    endloop
  endfacet
  facet normal 0.000000e+000 -0.000000e+000 -1.000000e+000
    outer loop
      vertex   -7.111999e+001 8.108999e+001 0.000000e+000
      vertex   -6.807011e+001 7.299871e+001 0.000000e+000
      vertex   -6.823477e+001 7.297094e+001 0.000000e+000
    endloop
  endfacet
  facet normal 0.000000e+000 0.000000e+000 -1.000000e+000
    outer loop
      vertex   -6.839425e+001 7.292147e+001 0.000000e+000
      vertex   -7.111999e+001 8.108999e+001 0.000000e+000
      vertex   -6.823477e+001 7.297094e+001 0.000000e+000
    endloop
  endfacet
  facet normal -0.000000e+000 0.000000e+000 -1.000000e+000
    outer loop
      vertex   -6.839425e+001 7.292147e+001 0.000000e+000
      vertex   -6.854572e+001 7.285118e+001 0.000000e+000
      vertex   -7.111999e+001 8.108999e+001 0.000000e+000
    endloop
  endfacet
  facet normal 0.000000e+000 -0.000000e+000 -1.000000e+000
    outer loop
      vertex   -7.111999e+001 8.108999e+001 0.000000e+000
      vertex   -6.854572e+001 7.285118e+001 0.000000e+000
      vertex   -6.868647e+001 7.276133e+001 0.000000e+000
    endloop
  endfacet
  facet normal 0.000000e+000 0.000000e+000 -1.000000e+000
    outer loop
      vertex   -6.881398e+001 7.265352e+001 0.000000e+000
      vertex   -7.111999e+001 8.108999e+001 0.000000e+000
      vertex   -6.868647e+001 7.276133e+001 0.000000e+000
    endloop
  endfacet
  facet normal -0.000000e+000 0.000000e+000 -1.000000e+000
    outer loop
      vertex   -6.881398e+001 7.265352e+001 0.000000e+000
      vertex   -6.892599e+001 7.252968e+001 0.000000e+000
      vertex   -7.111999e+001 8.108999e+001 0.000000e+000
    endloop
  endfacet
  facet normal 0.000000e+000 -0.000000e+000 -1.000000e+000
    outer loop
      vertex   -7.111999e+001 8.108999e+001 0.000000e+000
      vertex   -6.892599e+001 7.252968e+001 0.000000e+000
      vertex   -6.902049e+001 7.239201e+001 0.000000e+000
    endloop
  endfacet
  facet normal 0.000000e+000 0.000000e+000 -1.000000e+000
    outer loop
      vertex   -6.909580e+001 7.224298e+001 0.000000e+000
      vertex   -7.111999e+001 8.108999e+001 0.000000e+000
      vertex   -6.902049e+001 7.239201e+001 0.000000e+000
    endloop
  endfacet
  facet normal 0.000000e+000 0.000000e+000 -1.000000e+000
    outer loop
      vertex   -2.091322e+001 6.987069e+001 0.000000e+000
      vertex   -2.074708e+001 6.988740e+001 0.000000e+000
      vertex   -1.777999e+001 4.444999e+001 0.000000e+000
    endloop
  endfacet
  facet normal 0.000000e+000 0.000000e+000 -1.000000e+000
    outer loop
      vertex   -1.777999e+001 4.444999e+001 0.000000e+000
      vertex   -2.074708e+001 6.988740e+001 0.000000e+000
      vertex   -2.058465e+001 6.992611e+001 0.000000e+000
    endloop
  endfacet
  facet normal -0.000000e+000 -0.000000e+000 -1.000000e+000
    outer loop
      vertex   -2.042882e+001 6.998613e+001 0.000000e+000
      vertex   -1.777999e+001 4.444999e+001 0.000000e+000
      vertex   -2.058465e+001 6.992611e+001 0.000000e+000
    endloop
  endfacet
  facet normal 0.000000e+000 0.000000e+000 -1.000000e+000
    outer loop
      vertex   -2.042882e+001 6.998613e+001 0.000000e+000
      vertex   -2.028239e+001 7.006638e+001 0.000000e+000
      vertex   -1.777999e+001 4.444999e+001 0.000000e+000
    endloop
  endfacet
  facet normal 0.000000e+000 0.000000e+000 -1.000000e+000
    outer loop
      vertex   -1.777999e+001 4.444999e+001 0.000000e+000
      vertex   -2.028239e+001 7.006638e+001 0.000000e+000
      vertex   -2.014796e+001 7.016543e+001 0.000000e+000
    endloop
  endfacet
  facet normal -0.000000e+000 -0.000000e+000 -1.000000e+000
    outer loop
      vertex   -2.002793e+001 7.028151e+001 0.000000e+000
      vertex   -1.777999e+001 4.444999e+001 0.000000e+000
      vertex   -2.014796e+001 7.016543e+001 0.000000e+000
    endloop
  endfacet
  facet normal 0.000000e+000 0.000000e+000 -1.000000e+000
    outer loop
      vertex   -2.002793e+001 7.028151e+001 0.000000e+000
      vertex   -1.992444e+001 7.041256e+001 0.000000e+000
      vertex   -1.777999e+001 4.444999e+001 0.000000e+000
    endloop
  endfacet
  facet normal 0.000000e+000 0.000000e+000 -1.000000e+000
    outer loop
      vertex   -1.777999e+001 4.444999e+001 0.000000e+000
      vertex   -1.992444e+001 7.041256e+001 0.000000e+000
      vertex   -1.983934e+001 7.055623e+001 0.000000e+000
    endloop
  endfacet
  facet normal -0.000000e+000 -0.000000e+000 -1.000000e+000
    outer loop
      vertex   -1.977415e+001 7.070996e+001 0.000000e+000
      vertex   -1.777999e+001 4.444999e+001 0.000000e+000
      vertex   -1.983934e+001 7.055623e+001 0.000000e+000
    endloop
  endfacet
  facet normal 0.000000e+000 0.000000e+000 -1.000000e+000
    outer loop
      vertex   -1.977415e+001 7.070996e+001 0.000000e+000
      vertex   -1.973004e+001 7.087101e+001 0.000000e+000
      vertex   -1.777999e+001 4.444999e+001 0.000000e+000
    endloop
  endfacet
  facet normal 0.000000e+000 0.000000e+000 -1.000000e+000
    outer loop
      vertex   -1.777999e+001 4.444999e+001 0.000000e+000
      vertex   -1.973004e+001 7.087101e+001 0.000000e+000
      vertex   -1.970778e+001 7.103650e+001 0.000000e+000
    endloop
  endfacet
  facet normal -0.000000e+000 0.000000e+000 -1.000000e+000
    outer loop
      vertex   -1.777999e+001 8.108999e+001 0.000000e+000
      vertex   -1.970778e+001 7.103650e+001 0.000000e+000
      vertex   -1.970778e+001 7.120348e+001 0.000000e+000
    endloop
  endfacet
  facet normal 0.000000e+000 -0.000000e+000 -1.000000e+000
    outer loop
      vertex   -1.973004e+001 7.136897e+001 0.000000e+000
      vertex   -1.777999e+001 8.108999e+001 0.000000e+000
      vertex   -1.970778e+001 7.120348e+001 0.000000e+000
    endloop
  endfacet
  facet normal 0.000000e+000 0.000000e+000 -1.000000e+000
    outer loop
      vertex   -1.973004e+001 7.136897e+001 0.000000e+000
      vertex   -1.977415e+001 7.153002e+001 0.000000e+000
      vertex   -1.777999e+001 8.108999e+001 0.000000e+000
    endloop
  endfacet
  facet normal -0.000000e+000 0.000000e+000 -1.000000e+000
    outer loop
      vertex   -1.777999e+001 8.108999e+001 0.000000e+000
      vertex   -1.977415e+001 7.153002e+001 0.000000e+000
      vertex   -1.983934e+001 7.168375e+001 0.000000e+000
    endloop
  endfacet
  facet normal 0.000000e+000 -0.000000e+000 -1.000000e+000
    outer loop
      vertex   -1.992444e+001 7.182742e+001 0.000000e+000
      vertex   -1.777999e+001 8.108999e+001 0.000000e+000
      vertex   -1.983934e+001 7.168375e+001 0.000000e+000
    endloop
  endfacet
  facet normal 0.000000e+000 0.000000e+000 -1.000000e+000
    outer loop
      vertex   -1.992444e+001 7.182742e+001 0.000000e+000
      vertex   -2.002793e+001 7.195847e+001 0.000000e+000
      vertex   -1.777999e+001 8.108999e+001 0.000000e+000
    endloop
  endfacet
  facet normal -0.000000e+000 0.000000e+000 -1.000000e+000
    outer loop
      vertex   -1.777999e+001 8.108999e+001 0.000000e+000
      vertex   -2.002793e+001 7.195847e+001 0.000000e+000
      vertex   -2.014796e+001 7.207456e+001 0.000000e+000
    endloop
  endfacet
  facet normal 0.000000e+000 -0.000000e+000 -1.000000e+000
    outer loop
      vertex   -2.028239e+001 7.217361e+001 0.000000e+000
      vertex   -1.777999e+001 8.108999e+001 0.000000e+000
      vertex   -2.014796e+001 7.207456e+001 0.000000e+000
    endloop
  endfacet
  facet normal 0.000000e+000 0.000000e+000 -1.000000e+000
    outer loop
      vertex   -2.028239e+001 7.217361e+001 0.000000e+000
      vertex   -2.042882e+001 7.225385e+001 0.000000e+000
      vertex   -1.777999e+001 8.108999e+001 0.000000e+000
    endloop
  endfacet
  facet normal -0.000000e+000 0.000000e+000 -1.000000e+000
    outer loop
      vertex   -1.777999e+001 8.108999e+001 0.000000e+000
      vertex   -2.042882e+001 7.225385e+001 0.000000e+000
      vertex   -2.058465e+001 7.231387e+001 0.000000e+000
    endloop
  endfacet
  facet normal 0.000000e+000 0.000000e+000 -1.000000e+000
    outer loop
      vertex   -1.777999e+001 4.444999e+001 0.000000e+000
      vertex   -1.970778e+001 7.103650e+001 0.000000e+000
      vertex   -1.777999e+001 8.108999e+001 0.000000e+000
    endloop
  endfacet
  facet normal 0.000000e+000 0.000000e+000 -1.000000e+000
    outer loop
      vertex   -2.219384e+001 1.794660e+001 0.000000e+000
      vertex   -2.220499e+001 1.777999e+001 0.000000e+000
      vertex   -2.527999e+001 8.809991e+000 0.000000e+000
    endloop
  endfacet
  facet normal 0.000000e+000 0.000000e+000 -1.000000e+000
    outer loop
      vertex   -2.216058e+001 1.811024e+001 0.000000e+000
      vertex   -2.219384e+001 1.794660e+001 0.000000e+000
      vertex   -2.527999e+001 8.809991e+000 0.000000e+000
    endloop
  endfacet
  facet normal 0.000000e+000 -0.000000e+000 -1.000000e+000
    outer loop
      vertex   -2.220499e+001 1.777999e+001 0.000000e+000
      vertex   -2.219384e+001 1.761338e+001 0.000000e+000
      vertex   -2.527999e+001 8.809991e+000 0.000000e+000
    endloop
  endfacet
  facet normal 0.000000e+000 0.000000e+000 -1.000000e+000
    outer loop
      vertex   -2.527999e+001 8.809991e+000 0.000000e+000
      vertex   -2.219384e+001 1.761338e+001 0.000000e+000
      vertex   -2.216058e+001 1.744975e+001 0.000000e+000
    endloop
  endfacet
  facet normal -0.000000e+000 0.000000e+000 -1.000000e+000
    outer loop
      vertex   -2.210580e+001 1.729200e+001 0.000000e+000
      vertex   -2.527999e+001 8.809991e+000 0.000000e+000
      vertex   -2.216058e+001 1.744975e+001 0.000000e+000
    endloop
  endfacet
  facet normal 0.000000e+000 -0.000000e+000 -1.000000e+000
    outer loop
      vertex   -2.210580e+001 1.729200e+001 0.000000e+000
      vertex   -2.203049e+001 1.714297e+001 0.000000e+000
      vertex   -2.527999e+001 8.809991e+000 0.000000e+000
    endloop
  endfacet
  facet normal 0.000000e+000 0.000000e+000 -1.000000e+000
    outer loop
      vertex   -2.527999e+001 8.809991e+000 0.000000e+000
      vertex   -2.203049e+001 1.714297e+001 0.000000e+000
      vertex   -2.193599e+001 1.700530e+001 0.000000e+000
    endloop
  endfacet
  facet normal -0.000000e+000 0.000000e+000 -1.000000e+000
    outer loop
      vertex   -2.182398e+001 1.688146e+001 0.000000e+000
      vertex   -2.527999e+001 8.809991e+000 0.000000e+000
      vertex   -2.193599e+001 1.700530e+001 0.000000e+000
    endloop
  endfacet
  facet normal 0.000000e+000 -0.000000e+000 -1.000000e+000
    outer loop
      vertex   -2.182398e+001 1.688146e+001 0.000000e+000
      vertex   -2.169647e+001 1.677365e+001 0.000000e+000
      vertex   -2.527999e+001 8.809991e+000 0.000000e+000
    endloop
  endfacet
  facet normal 0.000000e+000 0.000000e+000 -1.000000e+000
    outer loop
      vertex   -2.527999e+001 8.809991e+000 0.000000e+000
      vertex   -2.169647e+001 1.677365e+001 0.000000e+000
      vertex   -2.155572e+001 1.668380e+001 0.000000e+000
    endloop
  endfacet
  facet normal -0.000000e+000 0.000000e+000 -1.000000e+000
    outer loop
      vertex   -2.140425e+001 1.661352e+001 0.000000e+000
      vertex   -2.527999e+001 8.809991e+000 0.000000e+000
      vertex   -2.155572e+001 1.668380e+001 0.000000e+000
    endloop
  endfacet
  facet normal 0.000000e+000 -0.000000e+000 -1.000000e+000
    outer loop
      vertex   -2.140425e+001 1.661352e+001 0.000000e+000
      vertex   -2.124477e+001 1.656404e+001 0.000000e+000
      vertex   -2.527999e+001 8.809991e+000 0.000000e+000
    endloop
  endfacet
  facet normal 0.000000e+000 0.000000e+000 -1.000000e+000
    outer loop
      vertex   -2.527999e+001 8.809991e+000 0.000000e+000
      vertex   -2.124477e+001 1.656404e+001 0.000000e+000
      vertex   -2.108011e+001 1.653627e+001 0.000000e+000
    endloop
  endfacet
  facet normal -0.000000e+000 0.000000e+000 -1.000000e+000
    outer loop
      vertex   -2.091322e+001 1.653069e+001 0.000000e+000
      vertex   -2.527999e+001 8.809991e+000 0.000000e+000
      vertex   -2.108011e+001 1.653627e+001 0.000000e+000
    endloop
  endfacet
  facet normal -0.000000e+000 -0.000000e+000 -1.000000e+000
    outer loop
      vertex   -2.091322e+001 1.653069e+001 0.000000e+000
      vertex   -1.777999e+001 7.809991e+000 0.000000e+000
      vertex   -2.527999e+001 8.809991e+000 0.000000e+000
    endloop
  endfacet
  facet normal 0.000000e+000 0.000000e+000 -1.000000e+000
    outer loop
      vertex   -2.091322e+001 1.653069e+001 0.000000e+000
      vertex   -2.074708e+001 1.654740e+001 0.000000e+000
      vertex   -1.777999e+001 7.809991e+000 0.000000e+000
    endloop
  endfacet
  facet normal 0.000000e+000 0.000000e+000 -1.000000e+000
    outer loop
      vertex   -1.777999e+001 7.809991e+000 0.000000e+000
      vertex   -2.074708e+001 1.654740e+001 0.000000e+000
      vertex   -2.058465e+001 1.658611e+001 0.000000e+000
    endloop
  endfacet
  facet normal -0.000000e+000 -0.000000e+000 -1.000000e+000
    outer loop
      vertex   -2.042882e+001 1.664613e+001 0.000000e+000
      vertex   -1.777999e+001 7.809991e+000 0.000000e+000
      vertex   -2.058465e+001 1.658611e+001 0.000000e+000
    endloop
  endfacet
  facet normal 0.000000e+000 0.000000e+000 -1.000000e+000
    outer loop
      vertex   -2.042882e+001 1.664613e+001 0.000000e+000
      vertex   -2.028239e+001 1.672638e+001 0.000000e+000
      vertex   -1.777999e+001 7.809991e+000 0.000000e+000
    endloop
  endfacet
  facet normal 0.000000e+000 0.000000e+000 -1.000000e+000
    outer loop
      vertex   -1.777999e+001 7.809991e+000 0.000000e+000
      vertex   -2.028239e+001 1.672638e+001 0.000000e+000
      vertex   -2.014796e+001 1.682543e+001 0.000000e+000
    endloop
  endfacet
  facet normal -0.000000e+000 -0.000000e+000 -1.000000e+000
    outer loop
      vertex   -2.002793e+001 1.694151e+001 0.000000e+000
      vertex   -1.777999e+001 7.809991e+000 0.000000e+000
      vertex   -2.014796e+001 1.682543e+001 0.000000e+000
    endloop
  endfacet
  facet normal 0.000000e+000 0.000000e+000 -1.000000e+000
    outer loop
      vertex   -2.002793e+001 1.694151e+001 0.000000e+000
      vertex   -1.992444e+001 1.707256e+001 0.000000e+000
      vertex   -1.777999e+001 7.809991e+000 0.000000e+000
    endloop
  endfacet
  facet normal 0.000000e+000 0.000000e+000 -1.000000e+000
    outer loop
      vertex   -1.777999e+001 7.809991e+000 0.000000e+000
      vertex   -1.992444e+001 1.707256e+001 0.000000e+000
      vertex   -1.983934e+001 1.721623e+001 0.000000e+000
    endloop
  endfacet
  facet normal -0.000000e+000 -0.000000e+000 -1.000000e+000
    outer loop
      vertex   -1.977415e+001 1.736996e+001 0.000000e+000
      vertex   -1.777999e+001 7.809991e+000 0.000000e+000
      vertex   -1.983934e+001 1.721623e+001 0.000000e+000
    endloop
  endfacet
  facet normal 0.000000e+000 0.000000e+000 -1.000000e+000
    outer loop
      vertex   -1.977415e+001 1.736996e+001 0.000000e+000
      vertex   -1.973004e+001 1.753101e+001 0.000000e+000
      vertex   -1.777999e+001 7.809991e+000 0.000000e+000
    endloop
  endfacet
  facet normal 0.000000e+000 0.000000e+000 -1.000000e+000
    outer loop
      vertex   -1.777999e+001 7.809991e+000 0.000000e+000
      vertex   -1.973004e+001 1.753101e+001 0.000000e+000
      vertex   -1.970778e+001 1.769650e+001 0.000000e+000
    endloop
  endfacet
  facet normal -0.000000e+000 -0.000000e+000 -1.000000e+000
    outer loop
      vertex   -1.970778e+001 1.786348e+001 0.000000e+000
      vertex   -1.777999e+001 7.809991e+000 0.000000e+000
      vertex   -1.970778e+001 1.769650e+001 0.000000e+000
    endloop
  endfacet
  facet normal 0.000000e+000 0.000000e+000 -1.000000e+000
    outer loop
      vertex   -1.970778e+001 1.786348e+001 0.000000e+000
      vertex   -1.777999e+001 4.444999e+001 0.000000e+000
      vertex   -1.777999e+001 7.809991e+000 0.000000e+000
    endloop
  endfacet
  facet normal 0.000000e+000 0.000000e+000 -1.000000e+000
    outer loop
      vertex   -1.970778e+001 1.786348e+001 0.000000e+000
      vertex   -1.973004e+001 1.802897e+001 0.000000e+000
      vertex   -1.777999e+001 4.444999e+001 0.000000e+000
    endloop
  endfacet
  facet normal -0.000000e+000 0.000000e+000 -1.000000e+000
    outer loop
      vertex   -1.777999e+001 4.444999e+001 0.000000e+000
      vertex   -1.973004e+001 1.802897e+001 0.000000e+000
      vertex   -1.977415e+001 1.819002e+001 0.000000e+000
    endloop
  endfacet
  facet normal 0.000000e+000 -0.000000e+000 -1.000000e+000
    outer loop
      vertex   -1.983934e+001 1.834375e+001 0.000000e+000
      vertex   -1.777999e+001 4.444999e+001 0.000000e+000
      vertex   -1.977415e+001 1.819002e+001 0.000000e+000
    endloop
  endfacet
  facet normal 0.000000e+000 0.000000e+000 -1.000000e+000
    outer loop
      vertex   -1.983934e+001 1.834375e+001 0.000000e+000
      vertex   -1.992444e+001 1.848742e+001 0.000000e+000
      vertex   -1.777999e+001 4.444999e+001 0.000000e+000
    endloop
  endfacet
  facet normal -0.000000e+000 0.000000e+000 -1.000000e+000
    outer loop
      vertex   -1.777999e+001 4.444999e+001 0.000000e+000
      vertex   -1.992444e+001 1.848742e+001 0.000000e+000
      vertex   -2.002793e+001 1.861847e+001 0.000000e+000
    endloop
  endfacet
  facet normal 0.000000e+000 -0.000000e+000 -1.000000e+000
    outer loop
      vertex   -2.014796e+001 1.873456e+001 0.000000e+000
      vertex   -1.777999e+001 4.444999e+001 0.000000e+000
      vertex   -2.002793e+001 1.861847e+001 0.000000e+000
    endloop
  endfacet
  facet normal 0.000000e+000 0.000000e+000 -1.000000e+000
    outer loop
      vertex   -2.014796e+001 1.873456e+001 0.000000e+000
      vertex   -2.028239e+001 1.883361e+001 0.000000e+000
      vertex   -1.777999e+001 4.444999e+001 0.000000e+000
    endloop
  endfacet
  facet normal -0.000000e+000 0.000000e+000 -1.000000e+000
    outer loop
      vertex   -1.777999e+001 4.444999e+001 0.000000e+000
      vertex   -2.028239e+001 1.883361e+001 0.000000e+000
      vertex   -2.042882e+001 1.891385e+001 0.000000e+000
    endloop
  endfacet
  facet normal 0.000000e+000 -0.000000e+000 -1.000000e+000
    outer loop
      vertex   -2.058465e+001 1.897387e+001 0.000000e+000
      vertex   -1.777999e+001 4.444999e+001 0.000000e+000
      vertex   -2.042882e+001 1.891385e+001 0.000000e+000
    endloop
  endfacet
  facet normal 0.000000e+000 0.000000e+000 -1.000000e+000
    outer loop
      vertex   -2.058465e+001 1.897387e+001 0.000000e+000
      vertex   -2.074708e+001 1.901258e+001 0.000000e+000
      vertex   -1.777999e+001 4.444999e+001 0.000000e+000
    endloop
  endfacet
  facet normal -0.000000e+000 0.000000e+000 -1.000000e+000
    outer loop
      vertex   -1.777999e+001 4.444999e+001 0.000000e+000
      vertex   -2.074708e+001 1.901258e+001 0.000000e+000
      vertex   -2.091322e+001 1.902929e+001 0.000000e+000
    endloop
  endfacet
  facet normal 0.000000e+000 0.000000e+000 -1.000000e+000
    outer loop
      vertex   -7.005220e+001 8.381068e+001 0.000000e+000
      vertex   -6.984068e+001 8.402220e+001 0.000000e+000
      vertex   -6.711999e+001 8.508999e+001 0.000000e+000
    endloop
  endfacet
  facet normal -0.000000e+000 0.000000e+000 -1.000000e+000
    outer loop
      vertex   -6.711999e+001 8.508999e+001 0.000000e+000
      vertex   -6.984068e+001 8.402220e+001 0.000000e+000
      vertex   -6.961395e+001 8.421732e+001 0.000000e+000
    endloop
  endfacet
  facet normal 0.000000e+000 -0.000000e+000 -1.000000e+000
    outer loop
      vertex   -6.937327e+001 8.439495e+001 0.000000e+000
      vertex   -6.711999e+001 8.508999e+001 0.000000e+000
      vertex   -6.961395e+001 8.421732e+001 0.000000e+000
    endloop
  endfacet
  facet normal 0.000000e+000 0.000000e+000 -1.000000e+000
    outer loop
      vertex   -6.937327e+001 8.439495e+001 0.000000e+000
      vertex   -6.911999e+001 8.455409e+001 0.000000e+000
      vertex   -6.711999e+001 8.508999e+001 0.000000e+000
    endloop
  endfacet
  facet normal -0.000000e+000 0.000000e+000 -1.000000e+000
    outer loop
      vertex   -6.711999e+001 8.508999e+001 0.000000e+000
      vertex   -6.911999e+001 8.455409e+001 0.000000e+000
      vertex   -6.885553e+001 8.469387e+001 0.000000e+000
    endloop
  endfacet
  facet normal 0.000000e+000 -0.000000e+000 -1.000000e+000
    outer loop
      vertex   -6.858136e+001 8.481349e+001 0.000000e+000
      vertex   -6.711999e+001 8.508999e+001 0.000000e+000
      vertex   -6.885553e+001 8.469387e+001 0.000000e+000
    endloop
  endfacet
  facet normal 0.000000e+000 0.000000e+000 -1.000000e+000
    outer loop
      vertex   -6.858136e+001 8.481349e+001 0.000000e+000
      vertex   -6.829901e+001 8.491228e+001 0.000000e+000
      vertex   -6.711999e+001 8.508999e+001 0.000000e+000
    endloop
  endfacet
  facet normal -0.000000e+000 0.000000e+000 -1.000000e+000
    outer loop
      vertex   -6.711999e+001 8.508999e+001 0.000000e+000
      vertex   -6.829901e+001 8.491228e+001 0.000000e+000
      vertex   -6.801007e+001 8.498970e+001 0.000000e+000
    endloop
  endfacet
  facet normal 0.000000e+000 -0.000000e+000 -1.000000e+000
    outer loop
      vertex   -6.771616e+001 8.504531e+001 0.000000e+000
      vertex   -6.711999e+001 8.508999e+001 0.000000e+000
      vertex   -6.801007e+001 8.498970e+001 0.000000e+000
    endloop
  endfacet
  facet normal 0.000000e+000 0.000000e+000 -1.000000e+000
    outer loop
      vertex   -6.771616e+001 8.504531e+001 0.000000e+000
      vertex   -6.741891e+001 8.507881e+001 0.000000e+000
      vertex   -6.711999e+001 8.508999e+001 0.000000e+000
    endloop
  endfacet
  facet normal -0.000000e+000 -0.000000e+000 -1.000000e+000
    outer loop
      vertex   -2.148107e+001 8.507881e+001 0.000000e+000
      vertex   -2.118382e+001 8.504531e+001 0.000000e+000
      vertex   -2.177999e+001 8.508999e+001 0.000000e+000
    endloop
  endfacet
  facet normal 0.000000e+000 0.000000e+000 -1.000000e+000
    outer loop
      vertex   -2.177999e+001 8.508999e+001 0.000000e+000
      vertex   -2.118382e+001 8.504531e+001 0.000000e+000
      vertex   -2.088991e+001 8.498970e+001 0.000000e+000
    endloop
  endfacet
  facet normal 0.000000e+000 0.000000e+000 -1.000000e+000
    outer loop
      vertex   -2.060097e+001 8.491228e+001 0.000000e+000
      vertex   -2.177999e+001 8.508999e+001 0.000000e+000
      vertex   -2.088991e+001 8.498970e+001 0.000000e+000
    endloop
  endfacet
  facet normal -0.000000e+000 -0.000000e+000 -1.000000e+000
    outer loop
      vertex   -2.060097e+001 8.491228e+001 0.000000e+000
      vertex   -2.031863e+001 8.481349e+001 0.000000e+000
      vertex   -2.177999e+001 8.508999e+001 0.000000e+000
    endloop
  endfacet
  facet normal 0.000000e+000 0.000000e+000 -1.000000e+000
    outer loop
      vertex   -2.177999e+001 8.508999e+001 0.000000e+000
      vertex   -2.031863e+001 8.481349e+001 0.000000e+000
      vertex   -2.004446e+001 8.469387e+001 0.000000e+000
    endloop
  endfacet
  facet normal 0.000000e+000 0.000000e+000 -1.000000e+000
    outer loop
      vertex   -1.977999e+001 8.455409e+001 0.000000e+000
      vertex   -2.177999e+001 8.508999e+001 0.000000e+000
      vertex   -2.004446e+001 8.469387e+001 0.000000e+000
    endloop
  endfacet
  facet normal -0.000000e+000 -0.000000e+000 -1.000000e+000
    outer loop
      vertex   -1.977999e+001 8.455409e+001 0.000000e+000
      vertex   -1.952671e+001 8.439495e+001 0.000000e+000
      vertex   -2.177999e+001 8.508999e+001 0.000000e+000
    endloop
  endfacet
  facet normal 0.000000e+000 0.000000e+000 -1.000000e+000
    outer loop
      vertex   -2.177999e+001 8.508999e+001 0.000000e+000
      vertex   -1.952671e+001 8.439495e+001 0.000000e+000
      vertex   -1.928603e+001 8.421732e+001 0.000000e+000
    endloop
  endfacet
  facet normal 0.000000e+000 0.000000e+000 -1.000000e+000
    outer loop
      vertex   -1.905930e+001 8.402220e+001 0.000000e+000
      vertex   -2.177999e+001 8.508999e+001 0.000000e+000
      vertex   -1.928603e+001 8.421732e+001 0.000000e+000
    endloop
  endfacet
  facet normal -0.000000e+000 -0.000000e+000 -1.000000e+000
    outer loop
      vertex   -1.905930e+001 8.402220e+001 0.000000e+000
      vertex   -1.884778e+001 8.381068e+001 0.000000e+000
      vertex   -2.177999e+001 8.508999e+001 0.000000e+000
    endloop
  endfacet
  facet normal 0.000000e+000 -0.000000e+000 -1.000000e+000
    outer loop
      vertex   -2.177999e+001 8.508999e+001 0.000000e+000
      vertex   -1.884778e+001 8.381068e+001 0.000000e+000
      vertex   -2.527999e+001 8.008999e+001 0.000000e+000
    endloop
  endfacet
  facet normal 0.000000e+000 0.000000e+000 -1.000000e+000
    outer loop
      vertex   -2.527999e+001 8.008999e+001 0.000000e+000
      vertex   -1.884778e+001 8.381068e+001 0.000000e+000
      vertex   -1.865267e+001 8.358395e+001 0.000000e+000
    endloop
  endfacet
  facet normal -0.000000e+000 0.000000e+000 -1.000000e+000
    outer loop
      vertex   -1.847504e+001 8.334327e+001 0.000000e+000
      vertex   -2.527999e+001 8.008999e+001 0.000000e+000
      vertex   -1.865267e+001 8.358395e+001 0.000000e+000
    endloop
  endfacet
  facet normal 0.000000e+000 -0.000000e+000 -1.000000e+000
    outer loop
      vertex   -1.847504e+001 8.334327e+001 0.000000e+000
      vertex   -1.831589e+001 8.308999e+001 0.000000e+000
      vertex   -2.527999e+001 8.008999e+001 0.000000e+000
    endloop
  endfacet
  facet normal 0.000000e+000 0.000000e+000 -1.000000e+000
    outer loop
      vertex   -2.527999e+001 8.008999e+001 0.000000e+000
      vertex   -1.831589e+001 8.308999e+001 0.000000e+000
      vertex   -1.817612e+001 8.282553e+001 0.000000e+000
    endloop
  endfacet
  facet normal -0.000000e+000 0.000000e+000 -1.000000e+000
    outer loop
      vertex   -1.805650e+001 8.255136e+001 0.000000e+000
      vertex   -2.527999e+001 8.008999e+001 0.000000e+000
      vertex   -1.817612e+001 8.282553e+001 0.000000e+000
    endloop
  endfacet
  facet normal 0.000000e+000 -0.000000e+000 -1.000000e+000
    outer loop
      vertex   -1.805650e+001 8.255136e+001 0.000000e+000
      vertex   -1.795770e+001 8.226901e+001 0.000000e+000
      vertex   -2.527999e+001 8.008999e+001 0.000000e+000
    endloop
  endfacet
  facet normal 0.000000e+000 0.000000e+000 -1.000000e+000
    outer loop
      vertex   -2.527999e+001 8.008999e+001 0.000000e+000
      vertex   -1.795770e+001 8.226901e+001 0.000000e+000
      vertex   -1.788028e+001 8.198007e+001 0.000000e+000
    endloop
  endfacet
  facet normal -0.000000e+000 0.000000e+000 -1.000000e+000
    outer loop
      vertex   -1.782467e+001 8.168616e+001 0.000000e+000
      vertex   -2.527999e+001 8.008999e+001 0.000000e+000
      vertex   -1.788028e+001 8.198007e+001 0.000000e+000
    endloop
  endfacet
  facet normal 0.000000e+000 -0.000000e+000 -1.000000e+000
    outer loop
      vertex   -1.782467e+001 8.168616e+001 0.000000e+000
      vertex   -1.779118e+001 8.138891e+001 0.000000e+000
      vertex   -2.527999e+001 8.008999e+001 0.000000e+000
    endloop
  endfacet
  facet normal 0.000000e+000 0.000000e+000 -1.000000e+000
    outer loop
      vertex   -2.527999e+001 8.008999e+001 0.000000e+000
      vertex   -1.779118e+001 8.138891e+001 0.000000e+000
      vertex   -1.777999e+001 8.108999e+001 0.000000e+000
    endloop
  endfacet
  facet normal -0.000000e+000 0.000000e+000 -1.000000e+000
    outer loop
      vertex   -1.777999e+001 7.809991e+000 0.000000e+000
      vertex   -1.779118e+001 7.511071e+000 0.000000e+000
      vertex   -2.527999e+001 8.809991e+000 0.000000e+000
    endloop
  endfacet
  facet normal 0.000000e+000 -0.000000e+000 -1.000000e+000
    outer loop
      vertex   -2.527999e+001 8.809991e+000 0.000000e+000
      vertex   -1.779118e+001 7.511071e+000 0.000000e+000
      vertex   -1.782467e+001 7.213822e+000 0.000000e+000
    endloop
  endfacet
  facet normal 0.000000e+000 0.000000e+000 -1.000000e+000
    outer loop
      vertex   -1.788028e+001 6.919907e+000 0.000000e+000
      vertex   -2.527999e+001 8.809991e+000 0.000000e+000
      vertex   -1.782467e+001 7.213822e+000 0.000000e+000
    endloop
  endfacet
  facet normal -0.000000e+000 0.000000e+000 -1.000000e+000
    outer loop
      vertex   -1.788028e+001 6.919907e+000 0.000000e+000
      vertex   -1.795770e+001 6.630970e+000 0.000000e+000
      vertex   -2.527999e+001 8.809991e+000 0.000000e+000
    endloop
  endfacet
  facet normal 0.000000e+000 -0.000000e+000 -1.000000e+000
    outer loop
      vertex   -2.527999e+001 8.809991e+000 0.000000e+000
      vertex   -1.795770e+001 6.630970e+000 0.000000e+000
      vertex   -1.805650e+001 6.348627e+000 0.000000e+000
    endloop
  endfacet
  facet normal 0.000000e+000 0.000000e+000 -1.000000e+000
    outer loop
      vertex   -1.817612e+001 6.074456e+000 0.000000e+000
      vertex   -2.527999e+001 8.809991e+000 0.000000e+000
      vertex   -1.805650e+001 6.348627e+000 0.000000e+000
    endloop
  endfacet
  facet normal -0.000000e+000 0.000000e+000 -1.000000e+000
    outer loop
      vertex   -1.817612e+001 6.074456e+000 0.000000e+000
      vertex   -1.831589e+001 5.809991e+000 0.000000e+000
      vertex   -2.527999e+001 8.809991e+000 0.000000e+000
    endloop
  endfacet
  facet normal 0.000000e+000 -0.000000e+000 -1.000000e+000
    outer loop
      vertex   -2.527999e+001 8.809991e+000 0.000000e+000
      vertex   -1.831589e+001 5.809991e+000 0.000000e+000
      vertex   -1.847504e+001 5.556711e+000 0.000000e+000
    endloop
  endfacet
  facet normal 0.000000e+000 0.000000e+000 -1.000000e+000
    outer loop
      vertex   -1.865267e+001 5.316032e+000 0.000000e+000
      vertex   -2.527999e+001 8.809991e+000 0.000000e+000
      vertex   -1.847504e+001 5.556711e+000 0.000000e+000
    endloop
  endfacet
  facet normal -0.000000e+000 0.000000e+000 -1.000000e+000
    outer loop
      vertex   -1.865267e+001 5.316032e+000 0.000000e+000
      vertex   -1.884778e+001 5.089300e+000 0.000000e+000
      vertex   -2.527999e+001 8.809991e+000 0.000000e+000
    endloop
  endfacet
  facet normal 0.000000e+000 -0.000000e+000 -1.000000e+000
    outer loop
      vertex   -2.527999e+001 8.809991e+000 0.000000e+000
      vertex   -1.884778e+001 5.089300e+000 0.000000e+000
      vertex   -2.177999e+001 3.809991e+000 0.000000e+000
    endloop
  endfacet
  facet normal 0.000000e+000 -0.000000e+000 -1.000000e+000
    outer loop
      vertex   -2.177999e+001 3.809991e+000 0.000000e+000
      vertex   -1.884778e+001 5.089300e+000 0.000000e+000
      vertex   -1.905930e+001 4.877783e+000 0.000000e+000
    endloop
  endfacet
  facet normal -0.000000e+000 0.000000e+000 -1.000000e+000
    outer loop
      vertex   -1.928603e+001 4.682665e+000 0.000000e+000
      vertex   -2.177999e+001 3.809991e+000 0.000000e+000
      vertex   -1.905930e+001 4.877783e+000 0.000000e+000
    endloop
  endfacet
  facet normal 0.000000e+000 0.000000e+000 -1.000000e+000
    outer loop
      vertex   -1.928603e+001 4.682665e+000 0.000000e+000
      vertex   -1.952671e+001 4.505036e+000 0.000000e+000
      vertex   -2.177999e+001 3.809991e+000 0.000000e+000
    endloop
  endfacet
  facet normal 0.000000e+000 -0.000000e+000 -1.000000e+000
    outer loop
      vertex   -2.177999e+001 3.809991e+000 0.000000e+000
      vertex   -1.952671e+001 4.505036e+000 0.000000e+000
      vertex   -1.977999e+001 4.345889e+000 0.000000e+000
    endloop
  endfacet
  facet normal -0.000000e+000 0.000000e+000 -1.000000e+000
    outer loop
      vertex   -2.004446e+001 4.206115e+000 0.000000e+000
      vertex   -2.177999e+001 3.809991e+000 0.000000e+000
      vertex   -1.977999e+001 4.345889e+000 0.000000e+000
    endloop
  endfacet
  facet normal 0.000000e+000 0.000000e+000 -1.000000e+000
    outer loop
      vertex   -2.004446e+001 4.206115e+000 0.000000e+000
      vertex   -2.031863e+001 4.086496e+000 0.000000e+000
      vertex   -2.177999e+001 3.809991e+000 0.000000e+000
    endloop
  endfacet
  facet normal 0.000000e+000 -0.000000e+000 -1.000000e+000
    outer loop
      vertex   -2.177999e+001 3.809991e+000 0.000000e+000
      vertex   -2.031863e+001 4.086496e+000 0.000000e+000
      vertex   -2.060097e+001 3.987700e+000 0.000000e+000
    endloop
  endfacet
  facet normal -0.000000e+000 0.000000e+000 -1.000000e+000
    outer loop
      vertex   -2.088991e+001 3.910279e+000 0.000000e+000
      vertex   -2.177999e+001 3.809991e+000 0.000000e+000
      vertex   -2.060097e+001 3.987700e+000 0.000000e+000
    endloop
  endfacet
  facet normal 0.000000e+000 0.000000e+000 -1.000000e+000
    outer loop
      vertex   -2.088991e+001 3.910279e+000 0.000000e+000
      vertex   -2.118382e+001 3.854668e+000 0.000000e+000
      vertex   -2.177999e+001 3.809991e+000 0.000000e+000
    endloop
  endfacet
  facet normal 0.000000e+000 -0.000000e+000 -1.000000e+000
    outer loop
      vertex   -2.177999e+001 3.809991e+000 0.000000e+000
      vertex   -2.118382e+001 3.854668e+000 0.000000e+000
      vertex   -2.148107e+001 3.821176e+000 0.000000e+000
    endloop
  endfacet
  facet normal 0.000000e+000 0.000000e+000 -1.000000e+000
    outer loop
      vertex   -7.111999e+001 4.444999e+001 0.000000e+000
      vertex   -7.111999e+001 8.108999e+001 0.000000e+000
      vertex   -6.918384e+001 7.158838e+001 0.000000e+000
    endloop
  endfacet
  facet normal 0.000000e+000 0.000000e+000 -1.000000e+000
    outer loop
      vertex   -6.918384e+001 7.158838e+001 0.000000e+000
      vertex   -7.111999e+001 8.108999e+001 0.000000e+000
      vertex   -6.919499e+001 7.175499e+001 0.000000e+000
    endloop
  endfacet
  facet normal 9.993007e-001 3.739119e-002 0.000000e+000
    outer loop
      vertex   -1.777999e+001 8.108999e+001 0.000000e+000
      vertex   -1.779118e+001 8.138891e+001 0.000000e+000
      vertex   -1.777999e+001 8.108999e+001 1.000000e+000
    endloop
  endfacet
  facet normal 9.993007e-001 3.739119e-002 -0.000000e+000
    outer loop
      vertex   -1.777999e+001 8.108999e+001 1.000000e+000
      vertex   -1.779118e+001 8.138891e+001 0.000000e+000
      vertex   -1.779118e+001 8.138891e+001 1.000000e+000
    endloop
  endfacet
  facet normal 9.937122e-001 1.119645e-001 0.000000e+000
    outer loop
      vertex   -1.779118e+001 8.138891e+001 1.000000e+000
      vertex   -1.779118e+001 8.138891e+001 0.000000e+000
      vertex   -1.782467e+001 8.168616e+001 0.000000e+000
    endloop
  endfacet
  facet normal 9.825665e-001 1.859116e-001 0.000000e+000
    outer loop
      vertex   -1.782467e+001 8.168616e+001 1.000000e+000
      vertex   -1.782467e+001 8.168616e+001 0.000000e+000
      vertex   -1.788028e+001 8.198007e+001 0.000000e+000
    endloop
  endfacet
  facet normal 9.659258e-001 2.588190e-001 0.000000e+000
    outer loop
      vertex   -1.788028e+001 8.198007e+001 1.000000e+000
      vertex   -1.788028e+001 8.198007e+001 0.000000e+000
      vertex   -1.795770e+001 8.226901e+001 0.000000e+000
    endloop
  endfacet
  facet normal 9.438833e-001 3.302791e-001 0.000000e+000
    outer loop
      vertex   -1.795770e+001 8.226901e+001 1.000000e+000
      vertex   -1.795770e+001 8.226901e+001 0.000000e+000
      vertex   -1.805650e+001 8.255136e+001 0.000000e+000
    endloop
  endfacet
  facet normal 9.165623e-001 3.998920e-001 0.000000e+000
    outer loop
      vertex   -1.805650e+001 8.255136e+001 1.000000e+000
      vertex   -1.805650e+001 8.255136e+001 0.000000e+000
      vertex   -1.817612e+001 8.282553e+001 0.000000e+000
    endloop
  endfacet
  facet normal 8.841154e-001 4.672686e-001 0.000000e+000
    outer loop
      vertex   -1.817612e+001 8.282553e+001 1.000000e+000
      vertex   -1.817612e+001 8.282553e+001 0.000000e+000
      vertex   -1.831589e+001 8.308999e+001 0.000000e+000
    endloop
  endfacet
  facet normal 8.467242e-001 5.320321e-001 0.000000e+000
    outer loop
      vertex   -1.831589e+001 8.308999e+001 1.000000e+000
      vertex   -1.831589e+001 8.308999e+001 0.000000e+000
      vertex   -1.847504e+001 8.334327e+001 0.000000e+000
    endloop
  endfacet
  facet normal 8.045978e-001 5.938202e-001 0.000000e+000
    outer loop
      vertex   -1.847504e+001 8.334327e+001 1.000000e+000
      vertex   -1.847504e+001 8.334327e+001 0.000000e+000
      vertex   -1.865267e+001 8.358395e+001 0.000000e+000
    endloop
  endfacet
  facet normal 7.579717e-001 6.522874e-001 0.000000e+000
    outer loop
      vertex   -1.865267e+001 8.358395e+001 1.000000e+000
      vertex   -1.865267e+001 8.358395e+001 0.000000e+000
      vertex   -1.884778e+001 8.381068e+001 0.000000e+000
    endloop
  endfacet
  facet normal 7.071068e-001 7.071068e-001 0.000000e+000
    outer loop
      vertex   -1.884778e+001 8.381068e+001 1.000000e+000
      vertex   -1.884778e+001 8.381068e+001 0.000000e+000
      vertex   -1.905930e+001 8.402220e+001 0.000000e+000
    endloop
  endfacet
  facet normal 6.522874e-001 7.579717e-001 0.000000e+000
    outer loop
      vertex   -1.905930e+001 8.402220e+001 1.000000e+000
      vertex   -1.905930e+001 8.402220e+001 0.000000e+000
      vertex   -1.928603e+001 8.421732e+001 0.000000e+000
    endloop
  endfacet
  facet normal 5.938202e-001 8.045978e-001 0.000000e+000
    outer loop
      vertex   -1.928603e+001 8.421732e+001 1.000000e+000
      vertex   -1.928603e+001 8.421732e+001 0.000000e+000
      vertex   -1.952671e+001 8.439495e+001 0.000000e+000
    endloop
  endfacet
  facet normal 5.320321e-001 8.467242e-001 0.000000e+000
    outer loop
      vertex   -1.952671e+001 8.439495e+001 1.000000e+000
      vertex   -1.952671e+001 8.439495e+001 0.000000e+000
      vertex   -1.977999e+001 8.455409e+001 0.000000e+000
    endloop
  endfacet
  facet normal 4.672686e-001 8.841154e-001 0.000000e+000
    outer loop
      vertex   -1.977999e+001 8.455409e+001 1.000000e+000
      vertex   -1.977999e+001 8.455409e+001 0.000000e+000
      vertex   -2.004446e+001 8.469387e+001 0.000000e+000
    endloop
  endfacet
  facet normal 3.998920e-001 9.165623e-001 0.000000e+000
    outer loop
      vertex   -2.004446e+001 8.469387e+001 1.000000e+000
      vertex   -2.004446e+001 8.469387e+001 0.000000e+000
      vertex   -2.031863e+001 8.481349e+001 0.000000e+000
    endloop
  endfacet
  facet normal 3.302791e-001 9.438833e-001 0.000000e+000
    outer loop
      vertex   -2.031863e+001 8.481349e+001 1.000000e+000
      vertex   -2.031863e+001 8.481349e+001 0.000000e+000
      vertex   -2.060097e+001 8.491228e+001 0.000000e+000
    endloop
  endfacet
  facet normal 2.588190e-001 9.659258e-001 0.000000e+000
    outer loop
      vertex   -2.060097e+001 8.491228e+001 1.000000e+000
      vertex   -2.060097e+001 8.491228e+001 0.000000e+000
      vertex   -2.088991e+001 8.498970e+001 0.000000e+000
    endloop
  endfacet
  facet normal 1.859116e-001 9.825665e-001 0.000000e+000
    outer loop
      vertex   -2.088991e+001 8.498970e+001 1.000000e+000
      vertex   -2.088991e+001 8.498970e+001 0.000000e+000
      vertex   -2.118382e+001 8.504531e+001 0.000000e+000
    endloop
  endfacet
  facet normal 1.119645e-001 9.937122e-001 0.000000e+000
    outer loop
      vertex   -2.118382e+001 8.504531e+001 1.000000e+000
      vertex   -2.118382e+001 8.504531e+001 0.000000e+000
      vertex   -2.148107e+001 8.507881e+001 0.000000e+000
    endloop
  endfacet
  facet normal 3.739119e-002 9.993007e-001 0.000000e+000
    outer loop
      vertex   -2.148107e+001 8.507881e+001 1.000000e+000
      vertex   -2.148107e+001 8.507881e+001 0.000000e+000
      vertex   -2.177999e+001 8.508999e+001 0.000000e+000
    endloop
  endfacet
  facet normal 3.739119e-002 9.993007e-001 0.000000e+000
    outer loop
      vertex   -2.177999e+001 8.508999e+001 1.000000e+000
      vertex   -2.148107e+001 8.507881e+001 1.000000e+000
      vertex   -2.177999e+001 8.508999e+001 0.000000e+000
    endloop
  endfacet
  facet normal 9.937122e-001 1.119645e-001 -0.000000e+000
    outer loop
      vertex   -1.779118e+001 8.138891e+001 1.000000e+000
      vertex   -1.782467e+001 8.168616e+001 0.000000e+000
      vertex   -1.782467e+001 8.168616e+001 1.000000e+000
    endloop
  endfacet
  facet normal 9.825665e-001 1.859116e-001 -0.000000e+000
    outer loop
      vertex   -1.782467e+001 8.168616e+001 1.000000e+000
      vertex   -1.788028e+001 8.198007e+001 0.000000e+000
      vertex   -1.788028e+001 8.198007e+001 1.000000e+000
    endloop
  endfacet
  facet normal 9.659258e-001 2.588190e-001 -0.000000e+000
    outer loop
      vertex   -1.788028e+001 8.198007e+001 1.000000e+000
      vertex   -1.795770e+001 8.226901e+001 0.000000e+000
      vertex   -1.795770e+001 8.226901e+001 1.000000e+000
    endloop
  endfacet
  facet normal 9.438833e-001 3.302791e-001 -0.000000e+000
    outer loop
      vertex   -1.795770e+001 8.226901e+001 1.000000e+000
      vertex   -1.805650e+001 8.255136e+001 0.000000e+000
      vertex   -1.805650e+001 8.255136e+001 1.000000e+000
    endloop
  endfacet
  facet normal 9.165623e-001 3.998920e-001 -0.000000e+000
    outer loop
      vertex   -1.805650e+001 8.255136e+001 1.000000e+000
      vertex   -1.817612e+001 8.282553e+001 0.000000e+000
      vertex   -1.817612e+001 8.282553e+001 1.000000e+000
    endloop
  endfacet
  facet normal 8.841154e-001 4.672686e-001 -0.000000e+000
    outer loop
      vertex   -1.817612e+001 8.282553e+001 1.000000e+000
      vertex   -1.831589e+001 8.308999e+001 0.000000e+000
      vertex   -1.831589e+001 8.308999e+001 1.000000e+000
    endloop
  endfacet
  facet normal 8.467242e-001 5.320321e-001 -0.000000e+000
    outer loop
      vertex   -1.831589e+001 8.308999e+001 1.000000e+000
      vertex   -1.847504e+001 8.334327e+001 0.000000e+000
      vertex   -1.847504e+001 8.334327e+001 1.000000e+000
    endloop
  endfacet
  facet normal 8.045978e-001 5.938202e-001 -0.000000e+000
    outer loop
      vertex   -1.847504e+001 8.334327e+001 1.000000e+000
      vertex   -1.865267e+001 8.358395e+001 0.000000e+000
      vertex   -1.865267e+001 8.358395e+001 1.000000e+000
    endloop
  endfacet
  facet normal 7.579717e-001 6.522874e-001 -0.000000e+000
    outer loop
      vertex   -1.865267e+001 8.358395e+001 1.000000e+000
      vertex   -1.884778e+001 8.381068e+001 0.000000e+000
      vertex   -1.884778e+001 8.381068e+001 1.000000e+000
    endloop
  endfacet
  facet normal 7.071068e-001 7.071068e-001 -0.000000e+000
    outer loop
      vertex   -1.884778e+001 8.381068e+001 1.000000e+000
      vertex   -1.905930e+001 8.402220e+001 0.000000e+000
      vertex   -1.905930e+001 8.402220e+001 1.000000e+000
    endloop
  endfacet
  facet normal 6.522874e-001 7.579717e-001 -0.000000e+000
    outer loop
      vertex   -1.905930e+001 8.402220e+001 1.000000e+000
      vertex   -1.928603e+001 8.421732e+001 0.000000e+000
      vertex   -1.928603e+001 8.421732e+001 1.000000e+000
    endloop
  endfacet
  facet normal 5.938202e-001 8.045978e-001 -0.000000e+000
    outer loop
      vertex   -1.928603e+001 8.421732e+001 1.000000e+000
      vertex   -1.952671e+001 8.439495e+001 0.000000e+000
      vertex   -1.952671e+001 8.439495e+001 1.000000e+000
    endloop
  endfacet
  facet normal 5.320321e-001 8.467242e-001 -0.000000e+000
    outer loop
      vertex   -1.952671e+001 8.439495e+001 1.000000e+000
      vertex   -1.977999e+001 8.455409e+001 0.000000e+000
      vertex   -1.977999e+001 8.455409e+001 1.000000e+000
    endloop
  endfacet
  facet normal 4.672686e-001 8.841154e-001 -0.000000e+000
    outer loop
      vertex   -1.977999e+001 8.455409e+001 1.000000e+000
      vertex   -2.004446e+001 8.469387e+001 0.000000e+000
      vertex   -2.004446e+001 8.469387e+001 1.000000e+000
    endloop
  endfacet
  facet normal 3.998920e-001 9.165623e-001 -0.000000e+000
    outer loop
      vertex   -2.004446e+001 8.469387e+001 1.000000e+000
      vertex   -2.031863e+001 8.481349e+001 0.000000e+000
      vertex   -2.031863e+001 8.481349e+001 1.000000e+000
    endloop
  endfacet
  facet normal 3.302791e-001 9.438833e-001 -0.000000e+000
    outer loop
      vertex   -2.031863e+001 8.481349e+001 1.000000e+000
      vertex   -2.060097e+001 8.491228e+001 0.000000e+000
      vertex   -2.060097e+001 8.491228e+001 1.000000e+000
    endloop
  endfacet
  facet normal 2.588190e-001 9.659258e-001 -0.000000e+000
    outer loop
      vertex   -2.060097e+001 8.491228e+001 1.000000e+000
      vertex   -2.088991e+001 8.498970e+001 0.000000e+000
      vertex   -2.088991e+001 8.498970e+001 1.000000e+000
    endloop
  endfacet
  facet normal 1.859116e-001 9.825665e-001 -0.000000e+000
    outer loop
      vertex   -2.088991e+001 8.498970e+001 1.000000e+000
      vertex   -2.118382e+001 8.504531e+001 0.000000e+000
      vertex   -2.118382e+001 8.504531e+001 1.000000e+000
    endloop
  endfacet
  facet normal 1.119645e-001 9.937122e-001 -0.000000e+000
    outer loop
      vertex   -2.118382e+001 8.504531e+001 1.000000e+000
      vertex   -2.148107e+001 8.507881e+001 0.000000e+000
      vertex   -2.148107e+001 8.507881e+001 1.000000e+000
    endloop
  endfacet
  facet normal 1.000000e+000 0.000000e+000 0.000000e+000
    outer loop
      vertex   -1.777999e+001 8.108999e+001 1.000000e+000
      vertex   -1.777999e+001 4.444999e+001 1.000000e+000
      vertex   -1.777999e+001 8.108999e+001 0.000000e+000
    endloop
  endfacet
  facet normal 1.000000e+000 0.000000e+000 0.000000e+000
    outer loop
      vertex   -1.777999e+001 8.108999e+001 0.000000e+000
      vertex   -1.777999e+001 4.444999e+001 1.000000e+000
      vertex   -1.777999e+001 4.444999e+001 0.000000e+000
    endloop
  endfacet
  facet normal 1.000000e+000 0.000000e+000 -0.000000e+000
    outer loop
      vertex   -1.777999e+001 4.444999e+001 0.000000e+000
      vertex   -1.777999e+001 4.444999e+001 1.000000e+000
      vertex   -1.777999e+001 7.809991e+000 1.000000e+000
    endloop
  endfacet
  facet normal 1.000000e+000 0.000000e+000 -0.000000e+000
    outer loop
      vertex   -1.777999e+001 7.809991e+000 0.000000e+000
      vertex   -1.777999e+001 4.444999e+001 0.000000e+000
      vertex   -1.777999e+001 7.809991e+000 1.000000e+000
    endloop
  endfacet
  facet normal 3.739119e-002 -9.993007e-001 0.000000e+000
    outer loop
      vertex   -2.177999e+001 3.809991e+000 0.000000e+000
      vertex   -2.148107e+001 3.821176e+000 0.000000e+000
      vertex   -2.177999e+001 3.809991e+000 1.000000e+000
    endloop
  endfacet
  facet normal 3.739119e-002 -9.993007e-001 0.000000e+000
    outer loop
      vertex   -2.177999e+001 3.809991e+000 1.000000e+000
      vertex   -2.148107e+001 3.821176e+000 0.000000e+000
      vertex   -2.148107e+001 3.821176e+000 1.000000e+000
    endloop
  endfacet
  facet normal 1.119645e-001 -9.937122e-001 0.000000e+000
    outer loop
      vertex   -2.148107e+001 3.821176e+000 1.000000e+000
      vertex   -2.148107e+001 3.821176e+000 0.000000e+000
      vertex   -2.118382e+001 3.854668e+000 0.000000e+000
    endloop
  endfacet
  facet normal 1.859116e-001 -9.825665e-001 0.000000e+000
    outer loop
      vertex   -2.118382e+001 3.854668e+000 1.000000e+000
      vertex   -2.118382e+001 3.854668e+000 0.000000e+000
      vertex   -2.088991e+001 3.910279e+000 0.000000e+000
    endloop
  endfacet
  facet normal 2.588190e-001 -9.659258e-001 0.000000e+000
    outer loop
      vertex   -2.088991e+001 3.910279e+000 1.000000e+000
      vertex   -2.088991e+001 3.910279e+000 0.000000e+000
      vertex   -2.060097e+001 3.987700e+000 0.000000e+000
    endloop
  endfacet
  facet normal 3.302791e-001 -9.438833e-001 0.000000e+000
    outer loop
      vertex   -2.060097e+001 3.987700e+000 1.000000e+000
      vertex   -2.060097e+001 3.987700e+000 0.000000e+000
      vertex   -2.031863e+001 4.086496e+000 0.000000e+000
    endloop
  endfacet
  facet normal 3.998920e-001 -9.165623e-001 0.000000e+000
    outer loop
      vertex   -2.031863e+001 4.086496e+000 1.000000e+000
      vertex   -2.031863e+001 4.086496e+000 0.000000e+000
      vertex   -2.004446e+001 4.206115e+000 0.000000e+000
    endloop
  endfacet
  facet normal 4.672686e-001 -8.841154e-001 7.852522e-016
    outer loop
      vertex   -2.004446e+001 4.206115e+000 1.000000e+000
      vertex   -2.004446e+001 4.206115e+000 0.000000e+000
      vertex   -1.977999e+001 4.345889e+000 0.000000e+000
    endloop
  endfacet
  facet normal 5.320321e-001 -8.467242e-001 0.000000e+000
    outer loop
      vertex   -1.977999e+001 4.345889e+000 1.000000e+000
      vertex   -1.977999e+001 4.345889e+000 0.000000e+000
      vertex   -1.952671e+001 4.505036e+000 0.000000e+000
    endloop
  endfacet
  facet normal 5.938202e-001 -8.045978e-001 0.000000e+000
    outer loop
      vertex   -1.952671e+001 4.505036e+000 1.000000e+000
      vertex   -1.952671e+001 4.505036e+000 0.000000e+000
      vertex   -1.928603e+001 4.682665e+000 0.000000e+000
    endloop
  endfacet
  facet normal 6.522874e-001 -7.579717e-001 0.000000e+000
    outer loop
      vertex   -1.928603e+001 4.682665e+000 1.000000e+000
      vertex   -1.928603e+001 4.682665e+000 0.000000e+000
      vertex   -1.905930e+001 4.877783e+000 0.000000e+000
    endloop
  endfacet
  facet normal 7.071068e-001 -7.071068e-001 0.000000e+000
    outer loop
      vertex   -1.905930e+001 4.877783e+000 1.000000e+000
      vertex   -1.905930e+001 4.877783e+000 0.000000e+000
      vertex   -1.884778e+001 5.089300e+000 0.000000e+000
    endloop
  endfacet
  facet normal 7.579717e-001 -6.522874e-001 0.000000e+000
    outer loop
      vertex   -1.884778e+001 5.089300e+000 1.000000e+000
      vertex   -1.884778e+001 5.089300e+000 0.000000e+000
      vertex   -1.865267e+001 5.316032e+000 0.000000e+000
    endloop
  endfacet
  facet normal 8.045978e-001 -5.938202e-001 0.000000e+000
    outer loop
      vertex   -1.865267e+001 5.316032e+000 1.000000e+000
      vertex   -1.865267e+001 5.316032e+000 0.000000e+000
      vertex   -1.847504e+001 5.556711e+000 0.000000e+000
    endloop
  endfacet
  facet normal 8.467242e-001 -5.320321e-001 0.000000e+000
    outer loop
      vertex   -1.847504e+001 5.556711e+000 1.000000e+000
      vertex   -1.847504e+001 5.556711e+000 0.000000e+000
      vertex   -1.831589e+001 5.809991e+000 0.000000e+000
    endloop
  endfacet
  facet normal 8.841154e-001 -4.672686e-001 0.000000e+000
    outer loop
      vertex   -1.831589e+001 5.809991e+000 1.000000e+000
      vertex   -1.831589e+001 5.809991e+000 0.000000e+000
      vertex   -1.817612e+001 6.074456e+000 0.000000e+000
    endloop
  endfacet
  facet normal 9.165623e-001 -3.998920e-001 3.551755e-016
    outer loop
      vertex   -1.817612e+001 6.074456e+000 1.000000e+000
      vertex   -1.817612e+001 6.074456e+000 0.000000e+000
      vertex   -1.805650e+001 6.348627e+000 0.000000e+000
    endloop
  endfacet
  facet normal 9.438833e-001 -3.302791e-001 0.000000e+000
    outer loop
      vertex   -1.805650e+001 6.348627e+000 1.000000e+000
      vertex   -1.805650e+001 6.348627e+000 0.000000e+000
      vertex   -1.795770e+001 6.630970e+000 0.000000e+000
    endloop
  endfacet
  facet normal 9.659258e-001 -2.588190e-001 0.000000e+000
    outer loop
      vertex   -1.795770e+001 6.630970e+000 1.000000e+000
      vertex   -1.795770e+001 6.630970e+000 0.000000e+000
      vertex   -1.788028e+001 6.919907e+000 0.000000e+000
    endloop
  endfacet
  facet normal 9.825665e-001 -1.859116e-001 1.651227e-016
    outer loop
      vertex   -1.788028e+001 6.919907e+000 1.000000e+000
      vertex   -1.788028e+001 6.919907e+000 0.000000e+000
      vertex   -1.782467e+001 7.213822e+000 0.000000e+000
    endloop
  endfacet
  facet normal 9.937122e-001 -1.119645e-001 0.000000e+000
    outer loop
      vertex   -1.782467e+001 7.213822e+000 1.000000e+000
      vertex   -1.782467e+001 7.213822e+000 0.000000e+000
      vertex   -1.779118e+001 7.511071e+000 0.000000e+000
    endloop
  endfacet
  facet normal 9.993007e-001 -3.739119e-002 0.000000e+000
    outer loop
      vertex   -1.779118e+001 7.511071e+000 1.000000e+000
      vertex   -1.779118e+001 7.511071e+000 0.000000e+000
      vertex   -1.777999e+001 7.809991e+000 0.000000e+000
    endloop
  endfacet
  facet normal 9.993007e-001 -3.739119e-002 0.000000e+000
    outer loop
      vertex   -1.777999e+001 7.809991e+000 1.000000e+000
      vertex   -1.779118e+001 7.511071e+000 1.000000e+000
      vertex   -1.777999e+001 7.809991e+000 0.000000e+000
    endloop
  endfacet
  facet normal 1.119645e-001 -9.937122e-001 0.000000e+000
    outer loop
      vertex   -2.148107e+001 3.821176e+000 1.000000e+000
      vertex   -2.118382e+001 3.854668e+000 0.000000e+000
      vertex   -2.118382e+001 3.854668e+000 1.000000e+000
    endloop
  endfacet
  facet normal 1.859116e-001 -9.825665e-001 0.000000e+000
    outer loop
      vertex   -2.118382e+001 3.854668e+000 1.000000e+000
      vertex   -2.088991e+001 3.910279e+000 0.000000e+000
      vertex   -2.088991e+001 3.910279e+000 1.000000e+000
    endloop
  endfacet
  facet normal 2.588190e-001 -9.659258e-001 0.000000e+000
    outer loop
      vertex   -2.088991e+001 3.910279e+000 1.000000e+000
      vertex   -2.060097e+001 3.987700e+000 0.000000e+000
      vertex   -2.060097e+001 3.987700e+000 1.000000e+000
    endloop
  endfacet
  facet normal 3.302791e-001 -9.438833e-001 0.000000e+000
    outer loop
      vertex   -2.060097e+001 3.987700e+000 1.000000e+000
      vertex   -2.031863e+001 4.086496e+000 0.000000e+000
      vertex   -2.031863e+001 4.086496e+000 1.000000e+000
    endloop
  endfacet
  facet normal 3.998920e-001 -9.165623e-001 8.140708e-016
    outer loop
      vertex   -2.031863e+001 4.086496e+000 1.000000e+000
      vertex   -2.004446e+001 4.206115e+000 0.000000e+000
      vertex   -2.004446e+001 4.206115e+000 1.000000e+000
    endloop
  endfacet
  facet normal 4.672686e-001 -8.841154e-001 0.000000e+000
    outer loop
      vertex   -2.004446e+001 4.206115e+000 1.000000e+000
      vertex   -1.977999e+001 4.345889e+000 0.000000e+000
      vertex   -1.977999e+001 4.345889e+000 1.000000e+000
    endloop
  endfacet
  facet normal 5.320321e-001 -8.467242e-001 0.000000e+000
    outer loop
      vertex   -1.977999e+001 4.345889e+000 1.000000e+000
      vertex   -1.952671e+001 4.505036e+000 0.000000e+000
      vertex   -1.952671e+001 4.505036e+000 1.000000e+000
    endloop
  endfacet
  facet normal 5.938202e-001 -8.045978e-001 0.000000e+000
    outer loop
      vertex   -1.952671e+001 4.505036e+000 1.000000e+000
      vertex   -1.928603e+001 4.682665e+000 0.000000e+000
      vertex   -1.928603e+001 4.682665e+000 1.000000e+000
    endloop
  endfacet
  facet normal 6.522874e-001 -7.579717e-001 0.000000e+000
    outer loop
      vertex   -1.928603e+001 4.682665e+000 1.000000e+000
      vertex   -1.905930e+001 4.877783e+000 0.000000e+000
      vertex   -1.905930e+001 4.877783e+000 1.000000e+000
    endloop
  endfacet
  facet normal 7.071068e-001 -7.071068e-001 0.000000e+000
    outer loop
      vertex   -1.905930e+001 4.877783e+000 1.000000e+000
      vertex   -1.884778e+001 5.089300e+000 0.000000e+000
      vertex   -1.884778e+001 5.089300e+000 1.000000e+000
    endloop
  endfacet
  facet normal 7.579717e-001 -6.522874e-001 0.000000e+000
    outer loop
      vertex   -1.884778e+001 5.089300e+000 1.000000e+000
      vertex   -1.865267e+001 5.316032e+000 0.000000e+000
      vertex   -1.865267e+001 5.316032e+000 1.000000e+000
    endloop
  endfacet
  facet normal 8.045978e-001 -5.938202e-001 0.000000e+000
    outer loop
      vertex   -1.865267e+001 5.316032e+000 1.000000e+000
      vertex   -1.847504e+001 5.556711e+000 0.000000e+000
      vertex   -1.847504e+001 5.556711e+000 1.000000e+000
    endloop
  endfacet
  facet normal 8.467242e-001 -5.320321e-001 0.000000e+000
    outer loop
      vertex   -1.847504e+001 5.556711e+000 1.000000e+000
      vertex   -1.831589e+001 5.809991e+000 0.000000e+000
      vertex   -1.831589e+001 5.809991e+000 1.000000e+000
    endloop
  endfacet
  facet normal 8.841154e-001 -4.672686e-001 4.150179e-016
    outer loop
      vertex   -1.831589e+001 5.809991e+000 1.000000e+000
      vertex   -1.817612e+001 6.074456e+000 0.000000e+000
      vertex   -1.817612e+001 6.074456e+000 1.000000e+000
    endloop
  endfacet
  facet normal 9.165623e-001 -3.998920e-001 0.000000e+000
    outer loop
      vertex   -1.817612e+001 6.074456e+000 1.000000e+000
      vertex   -1.805650e+001 6.348627e+000 0.000000e+000
      vertex   -1.805650e+001 6.348627e+000 1.000000e+000
    endloop
  endfacet
  facet normal 9.438833e-001 -3.302791e-001 0.000000e+000
    outer loop
      vertex   -1.805650e+001 6.348627e+000 1.000000e+000
      vertex   -1.795770e+001 6.630970e+000 0.000000e+000
      vertex   -1.795770e+001 6.630970e+000 1.000000e+000
    endloop
  endfacet
  facet normal 9.659258e-001 -2.588190e-001 2.298775e-016
    outer loop
      vertex   -1.795770e+001 6.630970e+000 1.000000e+000
      vertex   -1.788028e+001 6.919907e+000 0.000000e+000
      vertex   -1.788028e+001 6.919907e+000 1.000000e+000
    endloop
  endfacet
  facet normal 9.825665e-001 -1.859116e-001 0.000000e+000
    outer loop
      vertex   -1.788028e+001 6.919907e+000 1.000000e+000
      vertex   -1.782467e+001 7.213822e+000 0.000000e+000
      vertex   -1.782467e+001 7.213822e+000 1.000000e+000
    endloop
  endfacet
  facet normal 9.937122e-001 -1.119645e-001 0.000000e+000
    outer loop
      vertex   -1.782467e+001 7.213822e+000 1.000000e+000
      vertex   -1.779118e+001 7.511071e+000 0.000000e+000
      vertex   -1.779118e+001 7.511071e+000 1.000000e+000
    endloop
  endfacet
  facet normal -0.000000e+000 -1.000000e+000 -0.000000e+000
    outer loop
      vertex   -2.177999e+001 3.809991e+000 1.000000e+000
      vertex   -6.711999e+001 3.809991e+000 1.000000e+000
      vertex   -2.177999e+001 3.809991e+000 0.000000e+000
    endloop
  endfacet
  facet normal -0.000000e+000 -1.000000e+000 -0.000000e+000
    outer loop
      vertex   -2.177999e+001 3.809991e+000 0.000000e+000
      vertex   -6.711999e+001 3.809991e+000 1.000000e+000
      vertex   -6.711999e+001 3.809991e+000 0.000000e+000
    endloop
  endfacet
  facet normal -9.993007e-001 -3.739119e-002 0.000000e+000
    outer loop
      vertex   -7.111999e+001 7.809991e+000 0.000000e+000
      vertex   -7.110881e+001 7.511071e+000 0.000000e+000
      vertex   -7.111999e+001 7.809991e+000 1.000000e+000
    endloop
  endfacet
  facet normal -9.993007e-001 -3.739119e-002 0.000000e+000
    outer loop
      vertex   -7.111999e+001 7.809991e+000 1.000000e+000
      vertex   -7.110881e+001 7.511071e+000 0.000000e+000
      vertex   -7.110881e+001 7.511071e+000 1.000000e+000
    endloop
  endfacet
  facet normal -9.937122e-001 -1.119645e-001 -0.000000e+000
    outer loop
      vertex   -7.110881e+001 7.511071e+000 1.000000e+000
      vertex   -7.110881e+001 7.511071e+000 0.000000e+000
      vertex   -7.107531e+001 7.213822e+000 0.000000e+000
    endloop
  endfacet
  facet normal -9.825665e-001 -1.859116e-001 -1.412823e-014
    outer loop
      vertex   -7.107531e+001 7.213822e+000 1.000000e+000
      vertex   -7.107531e+001 7.213822e+000 0.000000e+000
      vertex   -7.101970e+001 6.919907e+000 0.000000e+000
    endloop
  endfacet
  facet normal -9.659258e-001 -2.588190e-001 -0.000000e+000
    outer loop
      vertex   -7.101970e+001 6.919907e+000 1.000000e+000
      vertex   -7.101970e+001 6.919907e+000 0.000000e+000
      vertex   -7.094228e+001 6.630970e+000 0.000000e+000
    endloop
  endfacet
  facet normal -9.438833e-001 -3.302791e-001 2.933467e-016
    outer loop
      vertex   -7.094228e+001 6.630970e+000 1.000000e+000
      vertex   -7.094228e+001 6.630970e+000 0.000000e+000
      vertex   -7.084349e+001 6.348627e+000 0.000000e+000
    endloop
  endfacet
  facet normal -9.165623e-001 -3.998920e-001 -0.000000e+000
    outer loop
      vertex   -7.084349e+001 6.348627e+000 1.000000e+000
      vertex   -7.084349e+001 6.348627e+000 0.000000e+000
      vertex   -7.072387e+001 6.074456e+000 0.000000e+000
    endloop
  endfacet
  facet normal -8.841154e-001 -4.672686e-001 -0.000000e+000
    outer loop
      vertex   -7.072387e+001 6.074456e+000 1.000000e+000
      vertex   -7.072387e+001 6.074456e+000 0.000000e+000
      vertex   -7.058409e+001 5.809991e+000 0.000000e+000
    endloop
  endfacet
  facet normal -8.467242e-001 -5.320321e-001 -0.000000e+000
    outer loop
      vertex   -7.058409e+001 5.809991e+000 1.000000e+000
      vertex   -7.058409e+001 5.809991e+000 0.000000e+000
      vertex   -7.042495e+001 5.556711e+000 0.000000e+000
    endloop
  endfacet
  facet normal -8.045978e-001 -5.938202e-001 -0.000000e+000
    outer loop
      vertex   -7.042495e+001 5.556711e+000 1.000000e+000
      vertex   -7.042495e+001 5.556711e+000 0.000000e+000
      vertex   -7.024732e+001 5.316032e+000 0.000000e+000
    endloop
  endfacet
  facet normal -7.579717e-001 -6.522874e-001 -0.000000e+000
    outer loop
      vertex   -7.024732e+001 5.316032e+000 1.000000e+000
      vertex   -7.024732e+001 5.316032e+000 0.000000e+000
      vertex   -7.005220e+001 5.089300e+000 0.000000e+000
    endloop
  endfacet
  facet normal -7.071068e-001 -7.071068e-001 -0.000000e+000
    outer loop
      vertex   -7.005220e+001 5.089300e+000 1.000000e+000
      vertex   -7.005220e+001 5.089300e+000 0.000000e+000
      vertex   -6.984068e+001 4.877783e+000 0.000000e+000
    endloop
  endfacet
  facet normal -6.522874e-001 -7.579717e-001 -0.000000e+000
    outer loop
      vertex   -6.984068e+001 4.877783e+000 1.000000e+000
      vertex   -6.984068e+001 4.877783e+000 0.000000e+000
      vertex   -6.961395e+001 4.682665e+000 0.000000e+000
    endloop
  endfacet
  facet normal -5.938202e-001 -8.045978e-001 -0.000000e+000
    outer loop
      vertex   -6.961395e+001 4.682665e+000 1.000000e+000
      vertex   -6.961395e+001 4.682665e+000 0.000000e+000
      vertex   -6.937327e+001 4.505036e+000 0.000000e+000
    endloop
  endfacet
  facet normal -5.320321e-001 -8.467242e-001 -0.000000e+000
    outer loop
      vertex   -6.937327e+001 4.505036e+000 1.000000e+000
      vertex   -6.937327e+001 4.505036e+000 0.000000e+000
      vertex   -6.911999e+001 4.345889e+000 0.000000e+000
    endloop
  endfacet
  facet normal -4.672686e-001 -8.841154e-001 -0.000000e+000
    outer loop
      vertex   -6.911999e+001 4.345889e+000 1.000000e+000
      vertex   -6.911999e+001 4.345889e+000 0.000000e+000
      vertex   -6.885553e+001 4.206115e+000 0.000000e+000
    endloop
  endfacet
  facet normal -3.998920e-001 -9.165623e-001 -0.000000e+000
    outer loop
      vertex   -6.885553e+001 4.206115e+000 1.000000e+000
      vertex   -6.885553e+001 4.206115e+000 0.000000e+000
      vertex   -6.858136e+001 4.086496e+000 0.000000e+000
    endloop
  endfacet
  facet normal -3.302791e-001 -9.438833e-001 -0.000000e+000
    outer loop
      vertex   -6.858136e+001 4.086496e+000 1.000000e+000
      vertex   -6.858136e+001 4.086496e+000 0.000000e+000
      vertex   -6.829901e+001 3.987700e+000 0.000000e+000
    endloop
  endfacet
  facet normal -2.588190e-001 -9.659258e-001 4.289572e-016
    outer loop
      vertex   -6.829901e+001 3.987700e+000 1.000000e+000
      vertex   -6.829901e+001 3.987700e+000 0.000000e+000
      vertex   -6.801007e+001 3.910279e+000 0.000000e+000
    endloop
  endfacet
  facet normal -1.859116e-001 -9.825665e-001 4.363472e-016
    outer loop
      vertex   -6.801007e+001 3.910279e+000 1.000000e+000
      vertex   -6.801007e+001 3.910279e+000 0.000000e+000
      vertex   -6.771616e+001 3.854668e+000 0.000000e+000
    endloop
  endfacet
  facet normal -1.119645e-001 -9.937122e-001 1.149814e-015
    outer loop
      vertex   -6.771616e+001 3.854668e+000 1.000000e+000
      vertex   -6.771616e+001 3.854668e+000 0.000000e+000
      vertex   -6.741891e+001 3.821176e+000 0.000000e+000
    endloop
  endfacet
  facet normal -3.739119e-002 -9.993007e-001 -0.000000e+000
    outer loop
      vertex   -6.741891e+001 3.821176e+000 1.000000e+000
      vertex   -6.741891e+001 3.821176e+000 0.000000e+000
      vertex   -6.711999e+001 3.809991e+000 0.000000e+000
    endloop
  endfacet
  facet normal -3.739119e-002 -9.993007e-001 0.000000e+000
    outer loop
      vertex   -6.711999e+001 3.809991e+000 1.000000e+000
      vertex   -6.741891e+001 3.821176e+000 1.000000e+000
      vertex   -6.711999e+001 3.809991e+000 0.000000e+000
    endloop
  endfacet
  facet normal -9.937122e-001 -1.119645e-001 -1.422094e-014
    outer loop
      vertex   -7.110881e+001 7.511071e+000 1.000000e+000
      vertex   -7.107531e+001 7.213822e+000 0.000000e+000
      vertex   -7.107531e+001 7.213822e+000 1.000000e+000
    endloop
  endfacet
  facet normal -9.825665e-001 -1.859116e-001 0.000000e+000
    outer loop
      vertex   -7.107531e+001 7.213822e+000 1.000000e+000
      vertex   -7.101970e+001 6.919907e+000 0.000000e+000
      vertex   -7.101970e+001 6.919907e+000 1.000000e+000
    endloop
  endfacet
  facet normal -9.659258e-001 -2.588190e-001 2.298775e-016
    outer loop
      vertex   -7.101970e+001 6.919907e+000 1.000000e+000
      vertex   -7.094228e+001 6.630970e+000 0.000000e+000
      vertex   -7.094228e+001 6.630970e+000 1.000000e+000
    endloop
  endfacet
  facet normal -9.438833e-001 -3.302791e-001 0.000000e+000
    outer loop
      vertex   -7.094228e+001 6.630970e+000 1.000000e+000
      vertex   -7.084349e+001 6.348627e+000 0.000000e+000
      vertex   -7.084349e+001 6.348627e+000 1.000000e+000
    endloop
  endfacet
  facet normal -9.165623e-001 -3.998920e-001 0.000000e+000
    outer loop
      vertex   -7.084349e+001 6.348627e+000 1.000000e+000
      vertex   -7.072387e+001 6.074456e+000 0.000000e+000
      vertex   -7.072387e+001 6.074456e+000 1.000000e+000
    endloop
  endfacet
  facet normal -8.841154e-001 -4.672686e-001 0.000000e+000
    outer loop
      vertex   -7.072387e+001 6.074456e+000 1.000000e+000
      vertex   -7.058409e+001 5.809991e+000 0.000000e+000
      vertex   -7.058409e+001 5.809991e+000 1.000000e+000
    endloop
  endfacet
  facet normal -8.467242e-001 -5.320321e-001 0.000000e+000
    outer loop
      vertex   -7.058409e+001 5.809991e+000 1.000000e+000
      vertex   -7.042495e+001 5.556711e+000 0.000000e+000
      vertex   -7.042495e+001 5.556711e+000 1.000000e+000
    endloop
  endfacet
  facet normal -8.045978e-001 -5.938202e-001 0.000000e+000
    outer loop
      vertex   -7.042495e+001 5.556711e+000 1.000000e+000
      vertex   -7.024732e+001 5.316032e+000 0.000000e+000
      vertex   -7.024732e+001 5.316032e+000 1.000000e+000
    endloop
  endfacet
  facet normal -7.579717e-001 -6.522874e-001 0.000000e+000
    outer loop
      vertex   -7.024732e+001 5.316032e+000 1.000000e+000
      vertex   -7.005220e+001 5.089300e+000 0.000000e+000
      vertex   -7.005220e+001 5.089300e+000 1.000000e+000
    endloop
  endfacet
  facet normal -7.071068e-001 -7.071068e-001 0.000000e+000
    outer loop
      vertex   -7.005220e+001 5.089300e+000 1.000000e+000
      vertex   -6.984068e+001 4.877783e+000 0.000000e+000
      vertex   -6.984068e+001 4.877783e+000 1.000000e+000
    endloop
  endfacet
  facet normal -6.522874e-001 -7.579717e-001 0.000000e+000
    outer loop
      vertex   -6.984068e+001 4.877783e+000 1.000000e+000
      vertex   -6.961395e+001 4.682665e+000 0.000000e+000
      vertex   -6.961395e+001 4.682665e+000 1.000000e+000
    endloop
  endfacet
  facet normal -5.938202e-001 -8.045978e-001 0.000000e+000
    outer loop
      vertex   -6.961395e+001 4.682665e+000 1.000000e+000
      vertex   -6.937327e+001 4.505036e+000 0.000000e+000
      vertex   -6.937327e+001 4.505036e+000 1.000000e+000
    endloop
  endfacet
  facet normal -5.320321e-001 -8.467242e-001 0.000000e+000
    outer loop
      vertex   -6.937327e+001 4.505036e+000 1.000000e+000
      vertex   -6.911999e+001 4.345889e+000 0.000000e+000
      vertex   -6.911999e+001 4.345889e+000 1.000000e+000
    endloop
  endfacet
  facet normal -4.672686e-001 -8.841154e-001 0.000000e+000
    outer loop
      vertex   -6.911999e+001 4.345889e+000 1.000000e+000
      vertex   -6.885553e+001 4.206115e+000 0.000000e+000
      vertex   -6.885553e+001 4.206115e+000 1.000000e+000
    endloop
  endfacet
  facet normal -3.998920e-001 -9.165623e-001 0.000000e+000
    outer loop
      vertex   -6.885553e+001 4.206115e+000 1.000000e+000
      vertex   -6.858136e+001 4.086496e+000 0.000000e+000
      vertex   -6.858136e+001 4.086496e+000 1.000000e+000
    endloop
  endfacet
  facet normal -3.302791e-001 -9.438833e-001 4.191684e-016
    outer loop
      vertex   -6.858136e+001 4.086496e+000 1.000000e+000
      vertex   -6.829901e+001 3.987700e+000 0.000000e+000
      vertex   -6.829901e+001 3.987700e+000 1.000000e+000
    endloop
  endfacet
  facet normal -2.588190e-001 -9.659258e-001 4.289572e-016
    outer loop
      vertex   -6.829901e+001 3.987700e+000 1.000000e+000
      vertex   -6.801007e+001 3.910279e+000 0.000000e+000
      vertex   -6.801007e+001 3.910279e+000 1.000000e+000
    endloop
  endfacet
  facet normal -1.859116e-001 -9.825665e-001 2.205616e-015
    outer loop
      vertex   -6.801007e+001 3.910279e+000 1.000000e+000
      vertex   -6.771616e+001 3.854668e+000 0.000000e+000
      vertex   -6.771616e+001 3.854668e+000 1.000000e+000
    endloop
  endfacet
  facet normal -1.119645e-001 -9.937122e-001 0.000000e+000
    outer loop
      vertex   -6.771616e+001 3.854668e+000 1.000000e+000
      vertex   -6.741891e+001 3.821176e+000 0.000000e+000
      vertex   -6.741891e+001 3.821176e+000 1.000000e+000
    endloop
  endfacet
  facet normal 1.000000e+000 3.987333e-016 0.000000e+000
    outer loop
      vertex   -6.361999e+001 8.008999e+001 1.000000e+000
      vertex   -6.361999e+001 4.444999e+001 1.000000e+000
      vertex   -6.361999e+001 8.008999e+001 0.000000e+000
    endloop
  endfacet
  facet normal 1.000000e+000 3.987333e-016 0.000000e+000
    outer loop
      vertex   -6.361999e+001 8.008999e+001 0.000000e+000
      vertex   -6.361999e+001 4.444999e+001 1.000000e+000
      vertex   -6.361999e+001 4.444999e+001 0.000000e+000
    endloop
  endfacet
  facet normal 1.000000e+000 0.000000e+000 -0.000000e+000
    outer loop
      vertex   -6.361999e+001 4.444999e+001 0.000000e+000
      vertex   -6.361999e+001 4.444999e+001 1.000000e+000
      vertex   -6.361999e+001 8.809991e+000 1.000000e+000
    endloop
  endfacet
  facet normal 1.000000e+000 0.000000e+000 -0.000000e+000
    outer loop
      vertex   -6.361999e+001 8.809991e+000 0.000000e+000
      vertex   -6.361999e+001 4.444999e+001 0.000000e+000
      vertex   -6.361999e+001 8.809991e+000 1.000000e+000
    endloop
  endfacet
  facet normal 3.706535e-016 -1.000000e+000 0.000000e+000
    outer loop
      vertex   -2.527999e+001 8.008999e+001 1.000000e+000
      vertex   -6.361999e+001 8.008999e+001 1.000000e+000
      vertex   -2.527999e+001 8.008999e+001 0.000000e+000
    endloop
  endfacet
  facet normal 3.706535e-016 -1.000000e+000 0.000000e+000
    outer loop
      vertex   -2.527999e+001 8.008999e+001 0.000000e+000
      vertex   -6.361999e+001 8.008999e+001 1.000000e+000
      vertex   -6.361999e+001 8.008999e+001 0.000000e+000
    endloop
  endfacet
  facet normal -1.000000e+000 0.000000e+000 -0.000000e+000
    outer loop
      vertex   -2.527999e+001 8.809991e+000 1.000000e+000
      vertex   -2.527999e+001 4.444999e+001 1.000000e+000
      vertex   -2.527999e+001 8.809991e+000 0.000000e+000
    endloop
  endfacet
  facet normal -1.000000e+000 0.000000e+000 0.000000e+000
    outer loop
      vertex   -2.527999e+001 8.809991e+000 0.000000e+000
      vertex   -2.527999e+001 4.444999e+001 1.000000e+000
      vertex   -2.527999e+001 4.444999e+001 0.000000e+000
    endloop
  endfacet
  facet normal -1.000000e+000 -1.993666e-016 0.000000e+000
    outer loop
      vertex   -2.527999e+001 4.444999e+001 0.000000e+000
      vertex   -2.527999e+001 4.444999e+001 1.000000e+000
      vertex   -2.527999e+001 8.008999e+001 1.000000e+000
    endloop
  endfacet
  facet normal -1.000000e+000 -1.993666e-016 0.000000e+000
    outer loop
      vertex   -2.527999e+001 8.008999e+001 0.000000e+000
      vertex   -2.527999e+001 4.444999e+001 0.000000e+000
      vertex   -2.527999e+001 8.008999e+001 1.000000e+000
    endloop
  endfacet
  facet normal 9.977669e-001 6.679263e-002 0.000000e+000
    outer loop
      vertex   -2.219384e+001 1.761338e+001 1.000000e+000
      vertex   -2.219384e+001 1.761338e+001 0.000000e+000
      vertex   -2.220499e+001 1.777999e+001 1.000000e+000
    endloop
  endfacet
  facet normal 9.799617e-001 1.991860e-001 0.000000e+000
    outer loop
      vertex   -2.219384e+001 1.761338e+001 1.000000e+000
      vertex   -2.216058e+001 1.744975e+001 0.000000e+000
      vertex   -2.219384e+001 1.761338e+001 0.000000e+000
    endloop
  endfacet
  facet normal 9.799617e-001 1.991860e-001 0.000000e+000
    outer loop
      vertex   -2.219384e+001 1.761338e+001 1.000000e+000
      vertex   -2.216058e+001 1.744975e+001 1.000000e+000
      vertex   -2.216058e+001 1.744975e+001 0.000000e+000
    endloop
  endfacet
  facet normal 9.446691e-001 3.280249e-001 -0.000000e+000
    outer loop
      vertex   -2.216058e+001 1.744975e+001 0.000000e+000
      vertex   -2.216058e+001 1.744975e+001 1.000000e+000
      vertex   -2.210580e+001 1.729200e+001 0.000000e+000
    endloop
  endfacet
  facet normal 9.446691e-001 3.280249e-001 0.000000e+000
    outer loop
      vertex   -2.210580e+001 1.729200e+001 0.000000e+000
      vertex   -2.216058e+001 1.744975e+001 1.000000e+000
      vertex   -2.210580e+001 1.729200e+001 1.000000e+000
    endloop
  endfacet
  facet normal 8.925188e-001 4.510101e-001 0.000000e+000
    outer loop
      vertex   -2.203049e+001 1.714297e+001 0.000000e+000
      vertex   -2.210580e+001 1.729200e+001 1.000000e+000
      vertex   -2.203049e+001 1.714297e+001 1.000000e+000
    endloop
  endfacet
  facet normal 8.244416e-001 5.659471e-001 0.000000e+000
    outer loop
      vertex   -2.193599e+001 1.700530e+001 0.000000e+000
      vertex   -2.203049e+001 1.714297e+001 1.000000e+000
      vertex   -2.193599e+001 1.700530e+001 1.000000e+000
    endloop
  endfacet
  facet normal 7.416521e-001 6.707847e-001 0.000000e+000
    outer loop
      vertex   -2.182398e+001 1.688146e+001 0.000000e+000
      vertex   -2.193599e+001 1.700530e+001 1.000000e+000
      vertex   -2.182398e+001 1.688146e+001 1.000000e+000
    endloop
  endfacet
  facet normal 6.456279e-001 7.636522e-001 0.000000e+000
    outer loop
      vertex   -2.169647e+001 1.677365e+001 0.000000e+000
      vertex   -2.182398e+001 1.688146e+001 1.000000e+000
      vertex   -2.169647e+001 1.677365e+001 1.000000e+000
    endloop
  endfacet
  facet normal 5.380824e-001 8.428923e-001 1.911523e-015
    outer loop
      vertex   -2.155572e+001 1.668380e+001 0.000000e+000
      vertex   -2.169647e+001 1.677365e+001 1.000000e+000
      vertex   -2.155572e+001 1.668380e+001 1.000000e+000
    endloop
  endfacet
  facet normal 4.209348e-001 9.070909e-001 0.000000e+000
    outer loop
      vertex   -2.140425e+001 1.661352e+001 0.000000e+000
      vertex   -2.155572e+001 1.668380e+001 1.000000e+000
      vertex   -2.140425e+001 1.661352e+001 1.000000e+000
    endloop
  endfacet
  facet normal 2.962756e-001 9.551025e-001 0.000000e+000
    outer loop
      vertex   -2.124477e+001 1.656404e+001 0.000000e+000
      vertex   -2.140425e+001 1.661352e+001 1.000000e+000
      vertex   -2.124477e+001 1.656404e+001 1.000000e+000
    endloop
  endfacet
  facet normal 1.663294e-001 9.860703e-001 0.000000e+000
    outer loop
      vertex   -2.108011e+001 1.653627e+001 0.000000e+000
      vertex   -2.124477e+001 1.656404e+001 1.000000e+000
      vertex   -2.108011e+001 1.653627e+001 1.000000e+000
    endloop
  endfacet
  facet normal 3.341498e-002 9.994416e-001 0.000000e+000
    outer loop
      vertex   -2.091322e+001 1.653069e+001 0.000000e+000
      vertex   -2.108011e+001 1.653627e+001 1.000000e+000
      vertex   -2.091322e+001 1.653069e+001 1.000000e+000
    endloop
  endfacet
  facet normal -1.000957e-001 9.949778e-001 0.000000e+000
    outer loop
      vertex   -2.074708e+001 1.654740e+001 0.000000e+000
      vertex   -2.091322e+001 1.653069e+001 1.000000e+000
      vertex   -2.074708e+001 1.654740e+001 1.000000e+000
    endloop
  endfacet
  facet normal -2.318202e-001 9.727587e-001 0.000000e+000
    outer loop
      vertex   -2.058465e+001 1.658611e+001 0.000000e+000
      vertex   -2.074708e+001 1.654740e+001 1.000000e+000
      vertex   -2.058465e+001 1.658611e+001 1.000000e+000
    endloop
  endfacet
  facet normal -3.594078e-001 9.331806e-001 0.000000e+000
    outer loop
      vertex   -2.042882e+001 1.664613e+001 0.000000e+000
      vertex   -2.058465e+001 1.658611e+001 1.000000e+000
      vertex   -2.042882e+001 1.664613e+001 1.000000e+000
    endloop
  endfacet
  facet normal -4.805818e-001 8.769499e-001 0.000000e+000
    outer loop
      vertex   -2.028239e+001 1.672638e+001 0.000000e+000
      vertex   -2.042882e+001 1.664613e+001 1.000000e+000
      vertex   -2.028239e+001 1.672638e+001 1.000000e+000
    endloop
  endfacet
  facet normal -5.931797e-001 8.050701e-001 0.000000e+000
    outer loop
      vertex   -2.014796e+001 1.682543e+001 0.000000e+000
      vertex   -2.028239e+001 1.672638e+001 1.000000e+000
      vertex   -2.014796e+001 1.682543e+001 1.000000e+000
    endloop
  endfacet
  facet normal -6.951924e-001 7.188237e-001 0.000000e+000
    outer loop
      vertex   -2.002793e+001 1.694151e+001 0.000000e+000
      vertex   -2.014796e+001 1.682543e+001 1.000000e+000
      vertex   -2.002793e+001 1.694151e+001 1.000000e+000
    endloop
  endfacet
  facet normal -7.847994e-001 6.197499e-001 0.000000e+000
    outer loop
      vertex   -1.992444e+001 1.707256e+001 0.000000e+000
      vertex   -2.002793e+001 1.694151e+001 1.000000e+000
      vertex   -1.992444e+001 1.707256e+001 1.000000e+000
    endloop
  endfacet
  facet normal -8.604016e-001 5.096166e-001 0.000000e+000
    outer loop
      vertex   -1.983934e+001 1.721623e+001 0.000000e+000
      vertex   -1.992444e+001 1.707256e+001 1.000000e+000
      vertex   -1.983934e+001 1.721623e+001 1.000000e+000
    endloop
  endfacet
  facet normal -9.206499e-001 3.903893e-001 0.000000e+000
    outer loop
      vertex   -1.977415e+001 1.736996e+001 0.000000e+000
      vertex   -1.983934e+001 1.721623e+001 1.000000e+000
      vertex   -1.977415e+001 1.736996e+001 1.000000e+000
    endloop
  endfacet
  facet normal -9.644692e-001 2.641954e-001 0.000000e+000
    outer loop
      vertex   -1.973004e+001 1.753101e+001 0.000000e+000
      vertex   -1.977415e+001 1.736996e+001 1.000000e+000
      vertex   -1.973004e+001 1.753101e+001 1.000000e+000
    endloop
  endfacet
  facet normal -9.910775e-001 1.332870e-001 0.000000e+000
    outer loop
      vertex   -1.970778e+001 1.769650e+001 0.000000e+000
      vertex   -1.973004e+001 1.753101e+001 1.000000e+000
      vertex   -1.970778e+001 1.769650e+001 1.000000e+000
    endloop
  endfacet
  facet normal -1.000000e+000 0.000000e+000 0.000000e+000
    outer loop
      vertex   -1.970778e+001 1.786348e+001 0.000000e+000
      vertex   -1.970778e+001 1.769650e+001 1.000000e+000
      vertex   -1.970778e+001 1.786348e+001 1.000000e+000
    endloop
  endfacet
  facet normal -9.910775e-001 -1.332870e-001 0.000000e+000
    outer loop
      vertex   -1.973004e+001 1.802897e+001 0.000000e+000
      vertex   -1.970778e+001 1.786348e+001 1.000000e+000
      vertex   -1.973004e+001 1.802897e+001 1.000000e+000
    endloop
  endfacet
  facet normal -9.644692e-001 -2.641954e-001 0.000000e+000
    outer loop
      vertex   -1.977415e+001 1.819002e+001 0.000000e+000
      vertex   -1.973004e+001 1.802897e+001 1.000000e+000
      vertex   -1.977415e+001 1.819002e+001 1.000000e+000
    endloop
  endfacet
  facet normal -9.206499e-001 -3.903893e-001 0.000000e+000
    outer loop
      vertex   -1.983934e+001 1.834375e+001 0.000000e+000
      vertex   -1.977415e+001 1.819002e+001 1.000000e+000
      vertex   -1.983934e+001 1.834375e+001 1.000000e+000
    endloop
  endfacet
  facet normal -8.604016e-001 -5.096166e-001 0.000000e+000
    outer loop
      vertex   -1.992444e+001 1.848742e+001 0.000000e+000
      vertex   -1.983934e+001 1.834375e+001 1.000000e+000
      vertex   -1.992444e+001 1.848742e+001 1.000000e+000
    endloop
  endfacet
  facet normal -7.847994e-001 -6.197499e-001 0.000000e+000
    outer loop
      vertex   -2.002793e+001 1.861847e+001 0.000000e+000
      vertex   -1.992444e+001 1.848742e+001 1.000000e+000
      vertex   -2.002793e+001 1.861847e+001 1.000000e+000
    endloop
  endfacet
  facet normal -6.951924e-001 -7.188237e-001 0.000000e+000
    outer loop
      vertex   -2.014796e+001 1.873456e+001 0.000000e+000
      vertex   -2.002793e+001 1.861847e+001 1.000000e+000
      vertex   -2.014796e+001 1.873456e+001 1.000000e+000
    endloop
  endfacet
  facet normal -5.931797e-001 -8.050701e-001 0.000000e+000
    outer loop
      vertex   -2.028239e+001 1.883361e+001 0.000000e+000
      vertex   -2.014796e+001 1.873456e+001 1.000000e+000
      vertex   -2.028239e+001 1.883361e+001 1.000000e+000
    endloop
  endfacet
  facet normal -4.805818e-001 -8.769499e-001 0.000000e+000
    outer loop
      vertex   -2.042882e+001 1.891385e+001 0.000000e+000
      vertex   -2.028239e+001 1.883361e+001 1.000000e+000
      vertex   -2.042882e+001 1.891385e+001 1.000000e+000
    endloop
  endfacet
  facet normal -3.594078e-001 -9.331806e-001 0.000000e+000
    outer loop
      vertex   -2.058465e+001 1.897387e+001 0.000000e+000
      vertex   -2.042882e+001 1.891385e+001 1.000000e+000
      vertex   -2.058465e+001 1.897387e+001 1.000000e+000
    endloop
  endfacet
  facet normal -2.318202e-001 -9.727587e-001 0.000000e+000
    outer loop
      vertex   -2.074708e+001 1.901258e+001 0.000000e+000
      vertex   -2.058465e+001 1.897387e+001 1.000000e+000
      vertex   -2.074708e+001 1.901258e+001 1.000000e+000
    endloop
  endfacet
  facet normal -1.000957e-001 -9.949778e-001 0.000000e+000
    outer loop
      vertex   -2.091322e+001 1.902929e+001 0.000000e+000
      vertex   -2.074708e+001 1.901258e+001 1.000000e+000
      vertex   -2.091322e+001 1.902929e+001 1.000000e+000
    endloop
  endfacet
  facet normal 3.341498e-002 -9.994416e-001 0.000000e+000
    outer loop
      vertex   -2.108011e+001 1.902371e+001 0.000000e+000
      vertex   -2.091322e+001 1.902929e+001 1.000000e+000
      vertex   -2.108011e+001 1.902371e+001 1.000000e+000
    endloop
  endfacet
  facet normal 1.663294e-001 -9.860703e-001 0.000000e+000
    outer loop
      vertex   -2.124477e+001 1.899594e+001 0.000000e+000
      vertex   -2.108011e+001 1.902371e+001 1.000000e+000
      vertex   -2.124477e+001 1.899594e+001 1.000000e+000
    endloop
  endfacet
  facet normal 2.962756e-001 -9.551025e-001 0.000000e+000
    outer loop
      vertex   -2.140425e+001 1.894647e+001 0.000000e+000
      vertex   -2.124477e+001 1.899594e+001 1.000000e+000
      vertex   -2.140425e+001 1.894647e+001 1.000000e+000
    endloop
  endfacet
  facet normal 4.209348e-001 -9.070909e-001 -1.495974e-015
    outer loop
      vertex   -2.155572e+001 1.887618e+001 0.000000e+000
      vertex   -2.140425e+001 1.894647e+001 1.000000e+000
      vertex   -2.155572e+001 1.887618e+001 1.000000e+000
    endloop
  endfacet
  facet normal 5.380824e-001 -8.428923e-001 0.000000e+000
    outer loop
      vertex   -2.169647e+001 1.878633e+001 0.000000e+000
      vertex   -2.155572e+001 1.887618e+001 1.000000e+000
      vertex   -2.169647e+001 1.878633e+001 1.000000e+000
    endloop
  endfacet
  facet normal 6.456279e-001 -7.636522e-001 0.000000e+000
    outer loop
      vertex   -2.182398e+001 1.867852e+001 0.000000e+000
      vertex   -2.169647e+001 1.878633e+001 1.000000e+000
      vertex   -2.182398e+001 1.867852e+001 1.000000e+000
    endloop
  endfacet
  facet normal 7.416521e-001 -6.707847e-001 0.000000e+000
    outer loop
      vertex   -2.193599e+001 1.855468e+001 0.000000e+000
      vertex   -2.182398e+001 1.867852e+001 1.000000e+000
      vertex   -2.193599e+001 1.855468e+001 1.000000e+000
    endloop
  endfacet
  facet normal 8.244416e-001 -5.659471e-001 0.000000e+000
    outer loop
      vertex   -2.203049e+001 1.841701e+001 0.000000e+000
      vertex   -2.193599e+001 1.855468e+001 1.000000e+000
      vertex   -2.203049e+001 1.841701e+001 1.000000e+000
    endloop
  endfacet
  facet normal 8.925188e-001 -4.510101e-001 0.000000e+000
    outer loop
      vertex   -2.210580e+001 1.826798e+001 0.000000e+000
      vertex   -2.203049e+001 1.841701e+001 1.000000e+000
      vertex   -2.210580e+001 1.826798e+001 1.000000e+000
    endloop
  endfacet
  facet normal 9.446691e-001 -3.280249e-001 0.000000e+000
    outer loop
      vertex   -2.216058e+001 1.811024e+001 0.000000e+000
      vertex   -2.210580e+001 1.826798e+001 1.000000e+000
      vertex   -2.216058e+001 1.811024e+001 1.000000e+000
    endloop
  endfacet
  facet normal 9.799617e-001 -1.991860e-001 0.000000e+000
    outer loop
      vertex   -2.219384e+001 1.794660e+001 0.000000e+000
      vertex   -2.216058e+001 1.811024e+001 1.000000e+000
      vertex   -2.219384e+001 1.794660e+001 1.000000e+000
    endloop
  endfacet
  facet normal 9.977669e-001 -6.679263e-002 0.000000e+000
    outer loop
      vertex   -2.220499e+001 1.777999e+001 0.000000e+000
      vertex   -2.219384e+001 1.794660e+001 1.000000e+000
      vertex   -2.220499e+001 1.777999e+001 1.000000e+000
    endloop
  endfacet
  facet normal 9.977669e-001 6.679263e-002 -0.000000e+000
    outer loop
      vertex   -2.219384e+001 1.761338e+001 0.000000e+000
      vertex   -2.220499e+001 1.777999e+001 0.000000e+000
      vertex   -2.220499e+001 1.777999e+001 1.000000e+000
    endloop
  endfacet
  facet normal 8.925188e-001 4.510101e-001 -0.000000e+000
    outer loop
      vertex   -2.210580e+001 1.729200e+001 0.000000e+000
      vertex   -2.210580e+001 1.729200e+001 1.000000e+000
      vertex   -2.203049e+001 1.714297e+001 0.000000e+000
    endloop
  endfacet
  facet normal 8.244416e-001 5.659471e-001 -0.000000e+000
    outer loop
      vertex   -2.203049e+001 1.714297e+001 0.000000e+000
      vertex   -2.203049e+001 1.714297e+001 1.000000e+000
      vertex   -2.193599e+001 1.700530e+001 0.000000e+000
    endloop
  endfacet
  facet normal 7.416521e-001 6.707847e-001 -0.000000e+000
    outer loop
      vertex   -2.193599e+001 1.700530e+001 0.000000e+000
      vertex   -2.193599e+001 1.700530e+001 1.000000e+000
      vertex   -2.182398e+001 1.688146e+001 0.000000e+000
    endloop
  endfacet
  facet normal 6.456279e-001 7.636522e-001 -0.000000e+000
    outer loop
      vertex   -2.182398e+001 1.688146e+001 0.000000e+000
      vertex   -2.182398e+001 1.688146e+001 1.000000e+000
      vertex   -2.169647e+001 1.677365e+001 0.000000e+000
    endloop
  endfacet
  facet normal 5.380824e-001 8.428923e-001 -0.000000e+000
    outer loop
      vertex   -2.169647e+001 1.677365e+001 0.000000e+000
      vertex   -2.169647e+001 1.677365e+001 1.000000e+000
      vertex   -2.155572e+001 1.668380e+001 0.000000e+000
    endloop
  endfacet
  facet normal 4.209348e-001 9.070909e-001 1.495461e-015
    outer loop
      vertex   -2.155572e+001 1.668380e+001 0.000000e+000
      vertex   -2.155572e+001 1.668380e+001 1.000000e+000
      vertex   -2.140425e+001 1.661352e+001 0.000000e+000
    endloop
  endfacet
  facet normal 2.962756e-001 9.551025e-001 -0.000000e+000
    outer loop
      vertex   -2.140425e+001 1.661352e+001 0.000000e+000
      vertex   -2.140425e+001 1.661352e+001 1.000000e+000
      vertex   -2.124477e+001 1.656404e+001 0.000000e+000
    endloop
  endfacet
  facet normal 1.663294e-001 9.860703e-001 -0.000000e+000
    outer loop
      vertex   -2.124477e+001 1.656404e+001 0.000000e+000
      vertex   -2.124477e+001 1.656404e+001 1.000000e+000
      vertex   -2.108011e+001 1.653627e+001 0.000000e+000
    endloop
  endfacet
  facet normal 3.341498e-002 9.994416e-001 -0.000000e+000
    outer loop
      vertex   -2.108011e+001 1.653627e+001 0.000000e+000
      vertex   -2.108011e+001 1.653627e+001 1.000000e+000
      vertex   -2.091322e+001 1.653069e+001 0.000000e+000
    endloop
  endfacet
  facet normal -1.000957e-001 9.949778e-001 0.000000e+000
    outer loop
      vertex   -2.091322e+001 1.653069e+001 0.000000e+000
      vertex   -2.091322e+001 1.653069e+001 1.000000e+000
      vertex   -2.074708e+001 1.654740e+001 0.000000e+000
    endloop
  endfacet
  facet normal -2.318202e-001 9.727587e-001 0.000000e+000
    outer loop
      vertex   -2.074708e+001 1.654740e+001 0.000000e+000
      vertex   -2.074708e+001 1.654740e+001 1.000000e+000
      vertex   -2.058465e+001 1.658611e+001 0.000000e+000
    endloop
  endfacet
  facet normal -3.594078e-001 9.331806e-001 0.000000e+000
    outer loop
      vertex   -2.058465e+001 1.658611e+001 0.000000e+000
      vertex   -2.058465e+001 1.658611e+001 1.000000e+000
      vertex   -2.042882e+001 1.664613e+001 0.000000e+000
    endloop
  endfacet
  facet normal -4.805818e-001 8.769499e-001 0.000000e+000
    outer loop
      vertex   -2.042882e+001 1.664613e+001 0.000000e+000
      vertex   -2.042882e+001 1.664613e+001 1.000000e+000
      vertex   -2.028239e+001 1.672638e+001 0.000000e+000
    endloop
  endfacet
  facet normal -5.931797e-001 8.050701e-001 0.000000e+000
    outer loop
      vertex   -2.028239e+001 1.672638e+001 0.000000e+000
      vertex   -2.028239e+001 1.672638e+001 1.000000e+000
      vertex   -2.014796e+001 1.682543e+001 0.000000e+000
    endloop
  endfacet
  facet normal -6.951924e-001 7.188237e-001 0.000000e+000
    outer loop
      vertex   -2.014796e+001 1.682543e+001 0.000000e+000
      vertex   -2.014796e+001 1.682543e+001 1.000000e+000
      vertex   -2.002793e+001 1.694151e+001 0.000000e+000
    endloop
  endfacet
  facet normal -7.847994e-001 6.197499e-001 0.000000e+000
    outer loop
      vertex   -2.002793e+001 1.694151e+001 0.000000e+000
      vertex   -2.002793e+001 1.694151e+001 1.000000e+000
      vertex   -1.992444e+001 1.707256e+001 0.000000e+000
    endloop
  endfacet
  facet normal -8.604016e-001 5.096166e-001 0.000000e+000
    outer loop
      vertex   -1.992444e+001 1.707256e+001 0.000000e+000
      vertex   -1.992444e+001 1.707256e+001 1.000000e+000
      vertex   -1.983934e+001 1.721623e+001 0.000000e+000
    endloop
  endfacet
  facet normal -9.206499e-001 3.903893e-001 0.000000e+000
    outer loop
      vertex   -1.983934e+001 1.721623e+001 0.000000e+000
      vertex   -1.983934e+001 1.721623e+001 1.000000e+000
      vertex   -1.977415e+001 1.736996e+001 0.000000e+000
    endloop
  endfacet
  facet normal -9.644692e-001 2.641954e-001 0.000000e+000
    outer loop
      vertex   -1.977415e+001 1.736996e+001 0.000000e+000
      vertex   -1.977415e+001 1.736996e+001 1.000000e+000
      vertex   -1.973004e+001 1.753101e+001 0.000000e+000
    endloop
  endfacet
  facet normal -9.910775e-001 1.332870e-001 0.000000e+000
    outer loop
      vertex   -1.973004e+001 1.753101e+001 0.000000e+000
      vertex   -1.973004e+001 1.753101e+001 1.000000e+000
      vertex   -1.970778e+001 1.769650e+001 0.000000e+000
    endloop
  endfacet
  facet normal -1.000000e+000 0.000000e+000 0.000000e+000
    outer loop
      vertex   -1.970778e+001 1.769650e+001 0.000000e+000
      vertex   -1.970778e+001 1.769650e+001 1.000000e+000
      vertex   -1.970778e+001 1.786348e+001 0.000000e+000
    endloop
  endfacet
  facet normal -9.910775e-001 -1.332870e-001 0.000000e+000
    outer loop
      vertex   -1.970778e+001 1.786348e+001 0.000000e+000
      vertex   -1.970778e+001 1.786348e+001 1.000000e+000
      vertex   -1.973004e+001 1.802897e+001 0.000000e+000
    endloop
  endfacet
  facet normal -9.644692e-001 -2.641954e-001 0.000000e+000
    outer loop
      vertex   -1.973004e+001 1.802897e+001 0.000000e+000
      vertex   -1.973004e+001 1.802897e+001 1.000000e+000
      vertex   -1.977415e+001 1.819002e+001 0.000000e+000
    endloop
  endfacet
  facet normal -9.206499e-001 -3.903893e-001 0.000000e+000
    outer loop
      vertex   -1.977415e+001 1.819002e+001 0.000000e+000
      vertex   -1.977415e+001 1.819002e+001 1.000000e+000
      vertex   -1.983934e+001 1.834375e+001 0.000000e+000
    endloop
  endfacet
  facet normal -8.604016e-001 -5.096166e-001 0.000000e+000
    outer loop
      vertex   -1.983934e+001 1.834375e+001 0.000000e+000
      vertex   -1.983934e+001 1.834375e+001 1.000000e+000
      vertex   -1.992444e+001 1.848742e+001 0.000000e+000
    endloop
  endfacet
  facet normal -7.847994e-001 -6.197499e-001 0.000000e+000
    outer loop
      vertex   -1.992444e+001 1.848742e+001 0.000000e+000
      vertex   -1.992444e+001 1.848742e+001 1.000000e+000
      vertex   -2.002793e+001 1.861847e+001 0.000000e+000
    endloop
  endfacet
  facet normal -6.951924e-001 -7.188237e-001 0.000000e+000
    outer loop
      vertex   -2.002793e+001 1.861847e+001 0.000000e+000
      vertex   -2.002793e+001 1.861847e+001 1.000000e+000
      vertex   -2.014796e+001 1.873456e+001 0.000000e+000
    endloop
  endfacet
  facet normal -5.931797e-001 -8.050701e-001 0.000000e+000
    outer loop
      vertex   -2.014796e+001 1.873456e+001 0.000000e+000
      vertex   -2.014796e+001 1.873456e+001 1.000000e+000
      vertex   -2.028239e+001 1.883361e+001 0.000000e+000
    endloop
  endfacet
  facet normal -4.805818e-001 -8.769499e-001 0.000000e+000
    outer loop
      vertex   -2.028239e+001 1.883361e+001 0.000000e+000
      vertex   -2.028239e+001 1.883361e+001 1.000000e+000
      vertex   -2.042882e+001 1.891385e+001 0.000000e+000
    endloop
  endfacet
  facet normal -3.594078e-001 -9.331806e-001 0.000000e+000
    outer loop
      vertex   -2.042882e+001 1.891385e+001 0.000000e+000
      vertex   -2.042882e+001 1.891385e+001 1.000000e+000
      vertex   -2.058465e+001 1.897387e+001 0.000000e+000
    endloop
  endfacet
  facet normal -2.318202e-001 -9.727587e-001 0.000000e+000
    outer loop
      vertex   -2.058465e+001 1.897387e+001 0.000000e+000
      vertex   -2.058465e+001 1.897387e+001 1.000000e+000
      vertex   -2.074708e+001 1.901258e+001 0.000000e+000
    endloop
  endfacet
  facet normal -1.000957e-001 -9.949778e-001 0.000000e+000
    outer loop
      vertex   -2.074708e+001 1.901258e+001 0.000000e+000
      vertex   -2.074708e+001 1.901258e+001 1.000000e+000
      vertex   -2.091322e+001 1.902929e+001 0.000000e+000
    endloop
  endfacet
  facet normal 3.341498e-002 -9.994416e-001 0.000000e+000
    outer loop
      vertex   -2.091322e+001 1.902929e+001 0.000000e+000
      vertex   -2.091322e+001 1.902929e+001 1.000000e+000
      vertex   -2.108011e+001 1.902371e+001 0.000000e+000
    endloop
  endfacet
  facet normal 1.663294e-001 -9.860703e-001 0.000000e+000
    outer loop
      vertex   -2.108011e+001 1.902371e+001 0.000000e+000
      vertex   -2.108011e+001 1.902371e+001 1.000000e+000
      vertex   -2.124477e+001 1.899594e+001 0.000000e+000
    endloop
  endfacet
  facet normal 2.962756e-001 -9.551025e-001 0.000000e+000
    outer loop
      vertex   -2.124477e+001 1.899594e+001 0.000000e+000
      vertex   -2.124477e+001 1.899594e+001 1.000000e+000
      vertex   -2.140425e+001 1.894647e+001 0.000000e+000
    endloop
  endfacet
  facet normal 4.209348e-001 -9.070909e-001 0.000000e+000
    outer loop
      vertex   -2.140425e+001 1.894647e+001 0.000000e+000
      vertex   -2.140425e+001 1.894647e+001 1.000000e+000
      vertex   -2.155572e+001 1.887618e+001 0.000000e+000
    endloop
  endfacet
  facet normal 5.380824e-001 -8.428923e-001 -1.911653e-015
    outer loop
      vertex   -2.155572e+001 1.887618e+001 0.000000e+000
      vertex   -2.155572e+001 1.887618e+001 1.000000e+000
      vertex   -2.169647e+001 1.878633e+001 0.000000e+000
    endloop
  endfacet
  facet normal 6.456279e-001 -7.636522e-001 0.000000e+000
    outer loop
      vertex   -2.169647e+001 1.878633e+001 0.000000e+000
      vertex   -2.169647e+001 1.878633e+001 1.000000e+000
      vertex   -2.182398e+001 1.867852e+001 0.000000e+000
    endloop
  endfacet
  facet normal 7.416521e-001 -6.707847e-001 0.000000e+000
    outer loop
      vertex   -2.182398e+001 1.867852e+001 0.000000e+000
      vertex   -2.182398e+001 1.867852e+001 1.000000e+000
      vertex   -2.193599e+001 1.855468e+001 0.000000e+000
    endloop
  endfacet
  facet normal 8.244416e-001 -5.659471e-001 0.000000e+000
    outer loop
      vertex   -2.193599e+001 1.855468e+001 0.000000e+000
      vertex   -2.193599e+001 1.855468e+001 1.000000e+000
      vertex   -2.203049e+001 1.841701e+001 0.000000e+000
    endloop
  endfacet
  facet normal 8.925188e-001 -4.510101e-001 0.000000e+000
    outer loop
      vertex   -2.203049e+001 1.841701e+001 0.000000e+000
      vertex   -2.203049e+001 1.841701e+001 1.000000e+000
      vertex   -2.210580e+001 1.826798e+001 0.000000e+000
    endloop
  endfacet
  facet normal 9.446691e-001 -3.280249e-001 0.000000e+000
    outer loop
      vertex   -2.210580e+001 1.826798e+001 0.000000e+000
      vertex   -2.210580e+001 1.826798e+001 1.000000e+000
      vertex   -2.216058e+001 1.811024e+001 0.000000e+000
    endloop
  endfacet
  facet normal 9.799617e-001 -1.991860e-001 0.000000e+000
    outer loop
      vertex   -2.216058e+001 1.811024e+001 0.000000e+000
      vertex   -2.216058e+001 1.811024e+001 1.000000e+000
      vertex   -2.219384e+001 1.794660e+001 0.000000e+000
    endloop
  endfacet
  facet normal 9.977669e-001 -6.679263e-002 0.000000e+000
    outer loop
      vertex   -2.219384e+001 1.794660e+001 0.000000e+000
      vertex   -2.219384e+001 1.794660e+001 1.000000e+000
      vertex   -2.220499e+001 1.777999e+001 0.000000e+000
    endloop
  endfacet
  facet normal 9.977669e-001 6.679263e-002 0.000000e+000
    outer loop
      vertex   -2.219384e+001 7.095338e+001 1.000000e+000
      vertex   -2.219384e+001 7.095338e+001 0.000000e+000
      vertex   -2.220499e+001 7.111999e+001 1.000000e+000
    endloop
  endfacet
  facet normal 9.799617e-001 1.991860e-001 0.000000e+000
    outer loop
      vertex   -2.219384e+001 7.095338e+001 1.000000e+000
      vertex   -2.216058e+001 7.078975e+001 0.000000e+000
      vertex   -2.219384e+001 7.095338e+001 0.000000e+000
    endloop
  endfacet
  facet normal 9.799617e-001 1.991860e-001 0.000000e+000
    outer loop
      vertex   -2.219384e+001 7.095338e+001 1.000000e+000
      vertex   -2.216058e+001 7.078975e+001 1.000000e+000
      vertex   -2.216058e+001 7.078975e+001 0.000000e+000
    endloop
  endfacet
  facet normal 9.446691e-001 3.280249e-001 -0.000000e+000
    outer loop
      vertex   -2.216058e+001 7.078975e+001 0.000000e+000
      vertex   -2.216058e+001 7.078975e+001 1.000000e+000
      vertex   -2.210580e+001 7.063200e+001 0.000000e+000
    endloop
  endfacet
  facet normal 9.446691e-001 3.280249e-001 0.000000e+000
    outer loop
      vertex   -2.210580e+001 7.063200e+001 0.000000e+000
      vertex   -2.216058e+001 7.078975e+001 1.000000e+000
      vertex   -2.210580e+001 7.063200e+001 1.000000e+000
    endloop
  endfacet
  facet normal 8.925188e-001 4.510101e-001 0.000000e+000
    outer loop
      vertex   -2.203049e+001 7.048297e+001 0.000000e+000
      vertex   -2.210580e+001 7.063200e+001 1.000000e+000
      vertex   -2.203049e+001 7.048297e+001 1.000000e+000
    endloop
  endfacet
  facet normal 8.244416e-001 5.659471e-001 0.000000e+000
    outer loop
      vertex   -2.193599e+001 7.034530e+001 0.000000e+000
      vertex   -2.203049e+001 7.048297e+001 1.000000e+000
      vertex   -2.193599e+001 7.034530e+001 1.000000e+000
    endloop
  endfacet
  facet normal 7.416521e-001 6.707847e-001 0.000000e+000
    outer loop
      vertex   -2.182398e+001 7.022146e+001 0.000000e+000
      vertex   -2.193599e+001 7.034530e+001 1.000000e+000
      vertex   -2.182398e+001 7.022146e+001 1.000000e+000
    endloop
  endfacet
  facet normal 6.456279e-001 7.636522e-001 0.000000e+000
    outer loop
      vertex   -2.169647e+001 7.011365e+001 0.000000e+000
      vertex   -2.182398e+001 7.022146e+001 1.000000e+000
      vertex   -2.169647e+001 7.011365e+001 1.000000e+000
    endloop
  endfacet
  facet normal 5.380824e-001 8.428923e-001 1.911523e-015
    outer loop
      vertex   -2.155572e+001 7.002380e+001 0.000000e+000
      vertex   -2.169647e+001 7.011365e+001 1.000000e+000
      vertex   -2.155572e+001 7.002380e+001 1.000000e+000
    endloop
  endfacet
  facet normal 4.209348e-001 9.070909e-001 0.000000e+000
    outer loop
      vertex   -2.140425e+001 6.995352e+001 0.000000e+000
      vertex   -2.155572e+001 7.002380e+001 1.000000e+000
      vertex   -2.140425e+001 6.995352e+001 1.000000e+000
    endloop
  endfacet
  facet normal 2.962756e-001 9.551025e-001 0.000000e+000
    outer loop
      vertex   -2.124477e+001 6.990404e+001 0.000000e+000
      vertex   -2.140425e+001 6.995352e+001 1.000000e+000
      vertex   -2.124477e+001 6.990404e+001 1.000000e+000
    endloop
  endfacet
  facet normal 1.663294e-001 9.860703e-001 0.000000e+000
    outer loop
      vertex   -2.108011e+001 6.987627e+001 0.000000e+000
      vertex   -2.124477e+001 6.990404e+001 1.000000e+000
      vertex   -2.108011e+001 6.987627e+001 1.000000e+000
    endloop
  endfacet
  facet normal 3.341498e-002 9.994416e-001 0.000000e+000
    outer loop
      vertex   -2.091322e+001 6.987069e+001 0.000000e+000
      vertex   -2.108011e+001 6.987627e+001 1.000000e+000
      vertex   -2.091322e+001 6.987069e+001 1.000000e+000
    endloop
  endfacet
  facet normal -1.000957e-001 9.949778e-001 0.000000e+000
    outer loop
      vertex   -2.074708e+001 6.988740e+001 0.000000e+000
      vertex   -2.091322e+001 6.987069e+001 1.000000e+000
      vertex   -2.074708e+001 6.988740e+001 1.000000e+000
    endloop
  endfacet
  facet normal -2.318202e-001 9.727587e-001 0.000000e+000
    outer loop
      vertex   -2.058465e+001 6.992611e+001 0.000000e+000
      vertex   -2.074708e+001 6.988740e+001 1.000000e+000
      vertex   -2.058465e+001 6.992611e+001 1.000000e+000
    endloop
  endfacet
  facet normal -3.594078e-001 9.331806e-001 0.000000e+000
    outer loop
      vertex   -2.042882e+001 6.998613e+001 0.000000e+000
      vertex   -2.058465e+001 6.992611e+001 1.000000e+000
      vertex   -2.042882e+001 6.998613e+001 1.000000e+000
    endloop
  endfacet
  facet normal -4.805818e-001 8.769499e-001 0.000000e+000
    outer loop
      vertex   -2.028239e+001 7.006638e+001 0.000000e+000
      vertex   -2.042882e+001 6.998613e+001 1.000000e+000
      vertex   -2.028239e+001 7.006638e+001 1.000000e+000
    endloop
  endfacet
  facet normal -5.931797e-001 8.050701e-001 0.000000e+000
    outer loop
      vertex   -2.014796e+001 7.016543e+001 0.000000e+000
      vertex   -2.028239e+001 7.006638e+001 1.000000e+000
      vertex   -2.014796e+001 7.016543e+001 1.000000e+000
    endloop
  endfacet
  facet normal -6.951924e-001 7.188237e-001 0.000000e+000
    outer loop
      vertex   -2.002793e+001 7.028151e+001 0.000000e+000
      vertex   -2.014796e+001 7.016543e+001 1.000000e+000
      vertex   -2.002793e+001 7.028151e+001 1.000000e+000
    endloop
  endfacet
  facet normal -7.847994e-001 6.197499e-001 0.000000e+000
    outer loop
      vertex   -1.992444e+001 7.041256e+001 0.000000e+000
      vertex   -2.002793e+001 7.028151e+001 1.000000e+000
      vertex   -1.992444e+001 7.041256e+001 1.000000e+000
    endloop
  endfacet
  facet normal -8.604016e-001 5.096166e-001 7.240932e-015
    outer loop
      vertex   -1.983934e+001 7.055623e+001 0.000000e+000
      vertex   -1.992444e+001 7.041256e+001 1.000000e+000
      vertex   -1.983934e+001 7.055623e+001 1.000000e+000
    endloop
  endfacet
  facet normal -9.206499e-001 3.903893e-001 0.000000e+000
    outer loop
      vertex   -1.977415e+001 7.070996e+001 0.000000e+000
      vertex   -1.983934e+001 7.055623e+001 1.000000e+000
      vertex   -1.977415e+001 7.070996e+001 1.000000e+000
    endloop
  endfacet
  facet normal -9.644692e-001 2.641954e-001 0.000000e+000
    outer loop
      vertex   -1.973004e+001 7.087101e+001 0.000000e+000
      vertex   -1.977415e+001 7.070996e+001 1.000000e+000
      vertex   -1.973004e+001 7.087101e+001 1.000000e+000
    endloop
  endfacet
  facet normal -9.910775e-001 1.332870e-001 0.000000e+000
    outer loop
      vertex   -1.970778e+001 7.103650e+001 0.000000e+000
      vertex   -1.973004e+001 7.087101e+001 1.000000e+000
      vertex   -1.970778e+001 7.103650e+001 1.000000e+000
    endloop
  endfacet
  facet normal -1.000000e+000 0.000000e+000 0.000000e+000
    outer loop
      vertex   -1.970778e+001 7.120348e+001 0.000000e+000
      vertex   -1.970778e+001 7.103650e+001 1.000000e+000
      vertex   -1.970778e+001 7.120348e+001 1.000000e+000
    endloop
  endfacet
  facet normal -9.910775e-001 -1.332870e-001 0.000000e+000
    outer loop
      vertex   -1.973004e+001 7.136897e+001 0.000000e+000
      vertex   -1.970778e+001 7.120348e+001 1.000000e+000
      vertex   -1.973004e+001 7.136897e+001 1.000000e+000
    endloop
  endfacet
  facet normal -9.644692e-001 -2.641954e-001 0.000000e+000
    outer loop
      vertex   -1.977415e+001 7.153002e+001 0.000000e+000
      vertex   -1.973004e+001 7.136897e+001 1.000000e+000
      vertex   -1.977415e+001 7.153002e+001 1.000000e+000
    endloop
  endfacet
  facet normal -9.206499e-001 -3.903893e-001 -5.547572e-015
    outer loop
      vertex   -1.983934e+001 7.168375e+001 0.000000e+000
      vertex   -1.977415e+001 7.153002e+001 1.000000e+000
      vertex   -1.983934e+001 7.168375e+001 1.000000e+000
    endloop
  endfacet
  facet normal -8.604016e-001 -5.096166e-001 0.000000e+000
    outer loop
      vertex   -1.992444e+001 7.182742e+001 0.000000e+000
      vertex   -1.983934e+001 7.168375e+001 1.000000e+000
      vertex   -1.992444e+001 7.182742e+001 1.000000e+000
    endloop
  endfacet
  facet normal -7.847994e-001 -6.197499e-001 0.000000e+000
    outer loop
      vertex   -2.002793e+001 7.195847e+001 0.000000e+000
      vertex   -1.992444e+001 7.182742e+001 1.000000e+000
      vertex   -2.002793e+001 7.195847e+001 1.000000e+000
    endloop
  endfacet
  facet normal -6.951924e-001 -7.188237e-001 0.000000e+000
    outer loop
      vertex   -2.014796e+001 7.207456e+001 0.000000e+000
      vertex   -2.002793e+001 7.195847e+001 1.000000e+000
      vertex   -2.014796e+001 7.207456e+001 1.000000e+000
    endloop
  endfacet
  facet normal -5.931797e-001 -8.050701e-001 0.000000e+000
    outer loop
      vertex   -2.028239e+001 7.217361e+001 0.000000e+000
      vertex   -2.014796e+001 7.207456e+001 1.000000e+000
      vertex   -2.028239e+001 7.217361e+001 1.000000e+000
    endloop
  endfacet
  facet normal -4.805818e-001 -8.769499e-001 0.000000e+000
    outer loop
      vertex   -2.042882e+001 7.225385e+001 0.000000e+000
      vertex   -2.028239e+001 7.217361e+001 1.000000e+000
      vertex   -2.042882e+001 7.225385e+001 1.000000e+000
    endloop
  endfacet
  facet normal -3.594078e-001 -9.331806e-001 0.000000e+000
    outer loop
      vertex   -2.058465e+001 7.231387e+001 0.000000e+000
      vertex   -2.042882e+001 7.225385e+001 1.000000e+000
      vertex   -2.058465e+001 7.231387e+001 1.000000e+000
    endloop
  endfacet
  facet normal -2.318202e-001 -9.727587e-001 0.000000e+000
    outer loop
      vertex   -2.074708e+001 7.235258e+001 0.000000e+000
      vertex   -2.058465e+001 7.231387e+001 1.000000e+000
      vertex   -2.074708e+001 7.235258e+001 1.000000e+000
    endloop
  endfacet
  facet normal -1.000957e-001 -9.949778e-001 0.000000e+000
    outer loop
      vertex   -2.091322e+001 7.236929e+001 0.000000e+000
      vertex   -2.074708e+001 7.235258e+001 1.000000e+000
      vertex   -2.091322e+001 7.236929e+001 1.000000e+000
    endloop
  endfacet
  facet normal 3.341498e-002 -9.994416e-001 0.000000e+000
    outer loop
      vertex   -2.108011e+001 7.236371e+001 0.000000e+000
      vertex   -2.091322e+001 7.236929e+001 1.000000e+000
      vertex   -2.108011e+001 7.236371e+001 1.000000e+000
    endloop
  endfacet
  facet normal 1.663294e-001 -9.860703e-001 0.000000e+000
    outer loop
      vertex   -2.124477e+001 7.233594e+001 0.000000e+000
      vertex   -2.108011e+001 7.236371e+001 1.000000e+000
      vertex   -2.124477e+001 7.233594e+001 1.000000e+000
    endloop
  endfacet
  facet normal 2.962756e-001 -9.551025e-001 0.000000e+000
    outer loop
      vertex   -2.140425e+001 7.228647e+001 0.000000e+000
      vertex   -2.124477e+001 7.233594e+001 1.000000e+000
      vertex   -2.140425e+001 7.228647e+001 1.000000e+000
    endloop
  endfacet
  facet normal 4.209348e-001 -9.070909e-001 -1.495974e-015
    outer loop
      vertex   -2.155572e+001 7.221618e+001 0.000000e+000
      vertex   -2.140425e+001 7.228647e+001 1.000000e+000
      vertex   -2.155572e+001 7.221618e+001 1.000000e+000
    endloop
  endfacet
  facet normal 5.380824e-001 -8.428923e-001 0.000000e+000
    outer loop
      vertex   -2.169647e+001 7.212633e+001 0.000000e+000
      vertex   -2.155572e+001 7.221618e+001 1.000000e+000
      vertex   -2.169647e+001 7.212633e+001 1.000000e+000
    endloop
  endfacet
  facet normal 6.456279e-001 -7.636522e-001 0.000000e+000
    outer loop
      vertex   -2.182398e+001 7.201852e+001 0.000000e+000
      vertex   -2.169647e+001 7.212633e+001 1.000000e+000
      vertex   -2.182398e+001 7.201852e+001 1.000000e+000
    endloop
  endfacet
  facet normal 7.416521e-001 -6.707847e-001 0.000000e+000
    outer loop
      vertex   -2.193599e+001 7.189468e+001 0.000000e+000
      vertex   -2.182398e+001 7.201852e+001 1.000000e+000
      vertex   -2.193599e+001 7.189468e+001 1.000000e+000
    endloop
  endfacet
  facet normal 8.244416e-001 -5.659471e-001 0.000000e+000
    outer loop
      vertex   -2.203049e+001 7.175701e+001 0.000000e+000
      vertex   -2.193599e+001 7.189468e+001 1.000000e+000
      vertex   -2.203049e+001 7.175701e+001 1.000000e+000
    endloop
  endfacet
  facet normal 8.925188e-001 -4.510101e-001 0.000000e+000
    outer loop
      vertex   -2.210580e+001 7.160798e+001 0.000000e+000
      vertex   -2.203049e+001 7.175701e+001 1.000000e+000
      vertex   -2.210580e+001 7.160798e+001 1.000000e+000
    endloop
  endfacet
  facet normal 9.446691e-001 -3.280249e-001 0.000000e+000
    outer loop
      vertex   -2.216058e+001 7.145024e+001 0.000000e+000
      vertex   -2.210580e+001 7.160798e+001 1.000000e+000
      vertex   -2.216058e+001 7.145024e+001 1.000000e+000
    endloop
  endfacet
  facet normal 9.799617e-001 -1.991860e-001 0.000000e+000
    outer loop
      vertex   -2.219384e+001 7.128660e+001 0.000000e+000
      vertex   -2.216058e+001 7.145024e+001 1.000000e+000
      vertex   -2.219384e+001 7.128660e+001 1.000000e+000
    endloop
  endfacet
  facet normal 9.977669e-001 -6.679263e-002 0.000000e+000
    outer loop
      vertex   -2.220499e+001 7.111999e+001 0.000000e+000
      vertex   -2.219384e+001 7.128660e+001 1.000000e+000
      vertex   -2.220499e+001 7.111999e+001 1.000000e+000
    endloop
  endfacet
  facet normal 9.977669e-001 6.679263e-002 -0.000000e+000
    outer loop
      vertex   -2.219384e+001 7.095338e+001 0.000000e+000
      vertex   -2.220499e+001 7.111999e+001 0.000000e+000
      vertex   -2.220499e+001 7.111999e+001 1.000000e+000
    endloop
  endfacet
  facet normal 8.925188e-001 4.510101e-001 -0.000000e+000
    outer loop
      vertex   -2.210580e+001 7.063200e+001 0.000000e+000
      vertex   -2.210580e+001 7.063200e+001 1.000000e+000
      vertex   -2.203049e+001 7.048297e+001 0.000000e+000
    endloop
  endfacet
  facet normal 8.244416e-001 5.659471e-001 -0.000000e+000
    outer loop
      vertex   -2.203049e+001 7.048297e+001 0.000000e+000
      vertex   -2.203049e+001 7.048297e+001 1.000000e+000
      vertex   -2.193599e+001 7.034530e+001 0.000000e+000
    endloop
  endfacet
  facet normal 7.416521e-001 6.707847e-001 -0.000000e+000
    outer loop
      vertex   -2.193599e+001 7.034530e+001 0.000000e+000
      vertex   -2.193599e+001 7.034530e+001 1.000000e+000
      vertex   -2.182398e+001 7.022146e+001 0.000000e+000
    endloop
  endfacet
  facet normal 6.456279e-001 7.636522e-001 -0.000000e+000
    outer loop
      vertex   -2.182398e+001 7.022146e+001 0.000000e+000
      vertex   -2.182398e+001 7.022146e+001 1.000000e+000
      vertex   -2.169647e+001 7.011365e+001 0.000000e+000
    endloop
  endfacet
  facet normal 5.380824e-001 8.428923e-001 -0.000000e+000
    outer loop
      vertex   -2.169647e+001 7.011365e+001 0.000000e+000
      vertex   -2.169647e+001 7.011365e+001 1.000000e+000
      vertex   -2.155572e+001 7.002380e+001 0.000000e+000
    endloop
  endfacet
  facet normal 4.209348e-001 9.070909e-001 1.495461e-015
    outer loop
      vertex   -2.155572e+001 7.002380e+001 0.000000e+000
      vertex   -2.155572e+001 7.002380e+001 1.000000e+000
      vertex   -2.140425e+001 6.995352e+001 0.000000e+000
    endloop
  endfacet
  facet normal 2.962756e-001 9.551025e-001 -0.000000e+000
    outer loop
      vertex   -2.140425e+001 6.995352e+001 0.000000e+000
      vertex   -2.140425e+001 6.995352e+001 1.000000e+000
      vertex   -2.124477e+001 6.990404e+001 0.000000e+000
    endloop
  endfacet
  facet normal 1.663294e-001 9.860703e-001 -0.000000e+000
    outer loop
      vertex   -2.124477e+001 6.990404e+001 0.000000e+000
      vertex   -2.124477e+001 6.990404e+001 1.000000e+000
      vertex   -2.108011e+001 6.987627e+001 0.000000e+000
    endloop
  endfacet
  facet normal 3.341498e-002 9.994416e-001 -0.000000e+000
    outer loop
      vertex   -2.108011e+001 6.987627e+001 0.000000e+000
      vertex   -2.108011e+001 6.987627e+001 1.000000e+000
      vertex   -2.091322e+001 6.987069e+001 0.000000e+000
    endloop
  endfacet
  facet normal -1.000957e-001 9.949778e-001 0.000000e+000
    outer loop
      vertex   -2.091322e+001 6.987069e+001 0.000000e+000
      vertex   -2.091322e+001 6.987069e+001 1.000000e+000
      vertex   -2.074708e+001 6.988740e+001 0.000000e+000
    endloop
  endfacet
  facet normal -2.318202e-001 9.727587e-001 0.000000e+000
    outer loop
      vertex   -2.074708e+001 6.988740e+001 0.000000e+000
      vertex   -2.074708e+001 6.988740e+001 1.000000e+000
      vertex   -2.058465e+001 6.992611e+001 0.000000e+000
    endloop
  endfacet
  facet normal -3.594078e-001 9.331806e-001 0.000000e+000
    outer loop
      vertex   -2.058465e+001 6.992611e+001 0.000000e+000
      vertex   -2.058465e+001 6.992611e+001 1.000000e+000
      vertex   -2.042882e+001 6.998613e+001 0.000000e+000
    endloop
  endfacet
  facet normal -4.805818e-001 8.769499e-001 0.000000e+000
    outer loop
      vertex   -2.042882e+001 6.998613e+001 0.000000e+000
      vertex   -2.042882e+001 6.998613e+001 1.000000e+000
      vertex   -2.028239e+001 7.006638e+001 0.000000e+000
    endloop
  endfacet
  facet normal -5.931797e-001 8.050701e-001 0.000000e+000
    outer loop
      vertex   -2.028239e+001 7.006638e+001 0.000000e+000
      vertex   -2.028239e+001 7.006638e+001 1.000000e+000
      vertex   -2.014796e+001 7.016543e+001 0.000000e+000
    endloop
  endfacet
  facet normal -6.951924e-001 7.188237e-001 0.000000e+000
    outer loop
      vertex   -2.014796e+001 7.016543e+001 0.000000e+000
      vertex   -2.014796e+001 7.016543e+001 1.000000e+000
      vertex   -2.002793e+001 7.028151e+001 0.000000e+000
    endloop
  endfacet
  facet normal -7.847994e-001 6.197499e-001 0.000000e+000
    outer loop
      vertex   -2.002793e+001 7.028151e+001 0.000000e+000
      vertex   -2.002793e+001 7.028151e+001 1.000000e+000
      vertex   -1.992444e+001 7.041256e+001 0.000000e+000
    endloop
  endfacet
  facet normal -8.604016e-001 5.096166e-001 0.000000e+000
    outer loop
      vertex   -1.992444e+001 7.041256e+001 0.000000e+000
      vertex   -1.992444e+001 7.041256e+001 1.000000e+000
      vertex   -1.983934e+001 7.055623e+001 0.000000e+000
    endloop
  endfacet
  facet normal -9.206499e-001 3.903893e-001 5.547765e-015
    outer loop
      vertex   -1.983934e+001 7.055623e+001 0.000000e+000
      vertex   -1.983934e+001 7.055623e+001 1.000000e+000
      vertex   -1.977415e+001 7.070996e+001 0.000000e+000
    endloop
  endfacet
  facet normal -9.644692e-001 2.641954e-001 0.000000e+000
    outer loop
      vertex   -1.977415e+001 7.070996e+001 0.000000e+000
      vertex   -1.977415e+001 7.070996e+001 1.000000e+000
      vertex   -1.973004e+001 7.087101e+001 0.000000e+000
    endloop
  endfacet
  facet normal -9.910775e-001 1.332870e-001 0.000000e+000
    outer loop
      vertex   -1.973004e+001 7.087101e+001 0.000000e+000
      vertex   -1.973004e+001 7.087101e+001 1.000000e+000
      vertex   -1.970778e+001 7.103650e+001 0.000000e+000
    endloop
  endfacet
  facet normal -1.000000e+000 0.000000e+000 0.000000e+000
    outer loop
      vertex   -1.970778e+001 7.103650e+001 0.000000e+000
      vertex   -1.970778e+001 7.103650e+001 1.000000e+000
      vertex   -1.970778e+001 7.120348e+001 0.000000e+000
    endloop
  endfacet
  facet normal -9.910775e-001 -1.332870e-001 0.000000e+000
    outer loop
      vertex   -1.970778e+001 7.120348e+001 0.000000e+000
      vertex   -1.970778e+001 7.120348e+001 1.000000e+000
      vertex   -1.973004e+001 7.136897e+001 0.000000e+000
    endloop
  endfacet
  facet normal -9.644692e-001 -2.641954e-001 0.000000e+000
    outer loop
      vertex   -1.973004e+001 7.136897e+001 0.000000e+000
      vertex   -1.973004e+001 7.136897e+001 1.000000e+000
      vertex   -1.977415e+001 7.153002e+001 0.000000e+000
    endloop
  endfacet
  facet normal -9.206499e-001 -3.903893e-001 0.000000e+000
    outer loop
      vertex   -1.977415e+001 7.153002e+001 0.000000e+000
      vertex   -1.977415e+001 7.153002e+001 1.000000e+000
      vertex   -1.983934e+001 7.168375e+001 0.000000e+000
    endloop
  endfacet
  facet normal -8.604016e-001 -5.096166e-001 -7.242088e-015
    outer loop
      vertex   -1.983934e+001 7.168375e+001 0.000000e+000
      vertex   -1.983934e+001 7.168375e+001 1.000000e+000
      vertex   -1.992444e+001 7.182742e+001 0.000000e+000
    endloop
  endfacet
  facet normal -7.847994e-001 -6.197499e-001 0.000000e+000
    outer loop
      vertex   -1.992444e+001 7.182742e+001 0.000000e+000
      vertex   -1.992444e+001 7.182742e+001 1.000000e+000
      vertex   -2.002793e+001 7.195847e+001 0.000000e+000
    endloop
  endfacet
  facet normal -6.951924e-001 -7.188237e-001 0.000000e+000
    outer loop
      vertex   -2.002793e+001 7.195847e+001 0.000000e+000
      vertex   -2.002793e+001 7.195847e+001 1.000000e+000
      vertex   -2.014796e+001 7.207456e+001 0.000000e+000
    endloop
  endfacet
  facet normal -5.931797e-001 -8.050701e-001 0.000000e+000
    outer loop
      vertex   -2.014796e+001 7.207456e+001 0.000000e+000
      vertex   -2.014796e+001 7.207456e+001 1.000000e+000
      vertex   -2.028239e+001 7.217361e+001 0.000000e+000
    endloop
  endfacet
  facet normal -4.805818e-001 -8.769499e-001 0.000000e+000
    outer loop
      vertex   -2.028239e+001 7.217361e+001 0.000000e+000
      vertex   -2.028239e+001 7.217361e+001 1.000000e+000
      vertex   -2.042882e+001 7.225385e+001 0.000000e+000
    endloop
  endfacet
  facet normal -3.594078e-001 -9.331806e-001 0.000000e+000
    outer loop
      vertex   -2.042882e+001 7.225385e+001 0.000000e+000
      vertex   -2.042882e+001 7.225385e+001 1.000000e+000
      vertex   -2.058465e+001 7.231387e+001 0.000000e+000
    endloop
  endfacet
  facet normal -2.318202e-001 -9.727587e-001 0.000000e+000
    outer loop
      vertex   -2.058465e+001 7.231387e+001 0.000000e+000
      vertex   -2.058465e+001 7.231387e+001 1.000000e+000
      vertex   -2.074708e+001 7.235258e+001 0.000000e+000
    endloop
  endfacet
  facet normal -1.000957e-001 -9.949778e-001 0.000000e+000
    outer loop
      vertex   -2.074708e+001 7.235258e+001 0.000000e+000
      vertex   -2.074708e+001 7.235258e+001 1.000000e+000
      vertex   -2.091322e+001 7.236929e+001 0.000000e+000
    endloop
  endfacet
  facet normal 3.341498e-002 -9.994416e-001 0.000000e+000
    outer loop
      vertex   -2.091322e+001 7.236929e+001 0.000000e+000
      vertex   -2.091322e+001 7.236929e+001 1.000000e+000
      vertex   -2.108011e+001 7.236371e+001 0.000000e+000
    endloop
  endfacet
  facet normal 1.663294e-001 -9.860703e-001 0.000000e+000
    outer loop
      vertex   -2.108011e+001 7.236371e+001 0.000000e+000
      vertex   -2.108011e+001 7.236371e+001 1.000000e+000
      vertex   -2.124477e+001 7.233594e+001 0.000000e+000
    endloop
  endfacet
  facet normal 2.962756e-001 -9.551025e-001 0.000000e+000
    outer loop
      vertex   -2.124477e+001 7.233594e+001 0.000000e+000
      vertex   -2.124477e+001 7.233594e+001 1.000000e+000
      vertex   -2.140425e+001 7.228647e+001 0.000000e+000
    endloop
  endfacet
  facet normal 4.209348e-001 -9.070909e-001 0.000000e+000
    outer loop
      vertex   -2.140425e+001 7.228647e+001 0.000000e+000
      vertex   -2.140425e+001 7.228647e+001 1.000000e+000
      vertex   -2.155572e+001 7.221618e+001 0.000000e+000
    endloop
  endfacet
  facet normal 5.380824e-001 -8.428923e-001 -1.911653e-015
    outer loop
      vertex   -2.155572e+001 7.221618e+001 0.000000e+000
      vertex   -2.155572e+001 7.221618e+001 1.000000e+000
      vertex   -2.169647e+001 7.212633e+001 0.000000e+000
    endloop
  endfacet
  facet normal 6.456279e-001 -7.636522e-001 0.000000e+000
    outer loop
      vertex   -2.169647e+001 7.212633e+001 0.000000e+000
      vertex   -2.169647e+001 7.212633e+001 1.000000e+000
      vertex   -2.182398e+001 7.201852e+001 0.000000e+000
    endloop
  endfacet
  facet normal 7.416521e-001 -6.707847e-001 0.000000e+000
    outer loop
      vertex   -2.182398e+001 7.201852e+001 0.000000e+000
      vertex   -2.182398e+001 7.201852e+001 1.000000e+000
      vertex   -2.193599e+001 7.189468e+001 0.000000e+000
    endloop
  endfacet
  facet normal 8.244416e-001 -5.659471e-001 0.000000e+000
    outer loop
      vertex   -2.193599e+001 7.189468e+001 0.000000e+000
      vertex   -2.193599e+001 7.189468e+001 1.000000e+000
      vertex   -2.203049e+001 7.175701e+001 0.000000e+000
    endloop
  endfacet
  facet normal 8.925188e-001 -4.510101e-001 0.000000e+000
    outer loop
      vertex   -2.203049e+001 7.175701e+001 0.000000e+000
      vertex   -2.203049e+001 7.175701e+001 1.000000e+000
      vertex   -2.210580e+001 7.160798e+001 0.000000e+000
    endloop
  endfacet
  facet normal 9.446691e-001 -3.280249e-001 0.000000e+000
    outer loop
      vertex   -2.210580e+001 7.160798e+001 0.000000e+000
      vertex   -2.210580e+001 7.160798e+001 1.000000e+000
      vertex   -2.216058e+001 7.145024e+001 0.000000e+000
    endloop
  endfacet
  facet normal 9.799617e-001 -1.991860e-001 0.000000e+000
    outer loop
      vertex   -2.216058e+001 7.145024e+001 0.000000e+000
      vertex   -2.216058e+001 7.145024e+001 1.000000e+000
      vertex   -2.219384e+001 7.128660e+001 0.000000e+000
    endloop
  endfacet
  facet normal 9.977669e-001 -6.679263e-002 0.000000e+000
    outer loop
      vertex   -2.219384e+001 7.128660e+001 0.000000e+000
      vertex   -2.219384e+001 7.128660e+001 1.000000e+000
      vertex   -2.220499e+001 7.111999e+001 0.000000e+000
    endloop
  endfacet
  facet normal 9.977669e-001 6.679263e-002 0.000000e+000
    outer loop
      vertex   -6.918384e+001 7.158838e+001 1.000000e+000
      vertex   -6.918384e+001 7.158838e+001 0.000000e+000
      vertex   -6.919499e+001 7.175499e+001 1.000000e+000
    endloop
  endfacet
  facet normal 9.799617e-001 1.991860e-001 0.000000e+000
    outer loop
      vertex   -6.918384e+001 7.158838e+001 1.000000e+000
      vertex   -6.915058e+001 7.142475e+001 0.000000e+000
      vertex   -6.918384e+001 7.158838e+001 0.000000e+000
    endloop
  endfacet
  facet normal 9.799617e-001 1.991860e-001 0.000000e+000
    outer loop
      vertex   -6.918384e+001 7.158838e+001 1.000000e+000
      vertex   -6.915058e+001 7.142475e+001 1.000000e+000
      vertex   -6.915058e+001 7.142475e+001 0.000000e+000
    endloop
  endfacet
  facet normal 9.446691e-001 3.280249e-001 -0.000000e+000
    outer loop
      vertex   -6.915058e+001 7.142475e+001 0.000000e+000
      vertex   -6.915058e+001 7.142475e+001 1.000000e+000
      vertex   -6.909580e+001 7.126700e+001 0.000000e+000
    endloop
  endfacet
  facet normal 9.446691e-001 3.280249e-001 0.000000e+000
    outer loop
      vertex   -6.909580e+001 7.126700e+001 0.000000e+000
      vertex   -6.915058e+001 7.142475e+001 1.000000e+000
      vertex   -6.909580e+001 7.126700e+001 1.000000e+000
    endloop
  endfacet
  facet normal 8.925188e-001 4.510101e-001 0.000000e+000
    outer loop
      vertex   -6.902049e+001 7.111797e+001 0.000000e+000
      vertex   -6.909580e+001 7.126700e+001 1.000000e+000
      vertex   -6.902049e+001 7.111797e+001 1.000000e+000
    endloop
  endfacet
  facet normal 8.244416e-001 5.659471e-001 0.000000e+000
    outer loop
      vertex   -6.892599e+001 7.098030e+001 0.000000e+000
      vertex   -6.902049e+001 7.111797e+001 1.000000e+000
      vertex   -6.892599e+001 7.098030e+001 1.000000e+000
    endloop
  endfacet
  facet normal 7.416521e-001 6.707847e-001 0.000000e+000
    outer loop
      vertex   -6.881398e+001 7.085646e+001 0.000000e+000
      vertex   -6.892599e+001 7.098030e+001 1.000000e+000
      vertex   -6.881398e+001 7.085646e+001 1.000000e+000
    endloop
  endfacet
  facet normal 6.456279e-001 7.636522e-001 0.000000e+000
    outer loop
      vertex   -6.868647e+001 7.074865e+001 0.000000e+000
      vertex   -6.881398e+001 7.085646e+001 1.000000e+000
      vertex   -6.868647e+001 7.074865e+001 1.000000e+000
    endloop
  endfacet
  facet normal 5.380824e-001 8.428923e-001 0.000000e+000
    outer loop
      vertex   -6.854572e+001 7.065880e+001 0.000000e+000
      vertex   -6.868647e+001 7.074865e+001 1.000000e+000
      vertex   -6.854572e+001 7.065880e+001 1.000000e+000
    endloop
  endfacet
  facet normal 4.209348e-001 9.070909e-001 0.000000e+000
    outer loop
      vertex   -6.839425e+001 7.058852e+001 0.000000e+000
      vertex   -6.854572e+001 7.065880e+001 1.000000e+000
      vertex   -6.839425e+001 7.058852e+001 1.000000e+000
    endloop
  endfacet
  facet normal 2.962756e-001 9.551025e-001 0.000000e+000
    outer loop
      vertex   -6.823477e+001 7.053904e+001 0.000000e+000
      vertex   -6.839425e+001 7.058852e+001 1.000000e+000
      vertex   -6.823477e+001 7.053904e+001 1.000000e+000
    endloop
  endfacet
  facet normal 1.663294e-001 9.860703e-001 0.000000e+000
    outer loop
      vertex   -6.807011e+001 7.051127e+001 0.000000e+000
      vertex   -6.823477e+001 7.053904e+001 1.000000e+000
      vertex   -6.807011e+001 7.051127e+001 1.000000e+000
    endloop
  endfacet
  facet normal 3.341498e-002 9.994416e-001 0.000000e+000
    outer loop
      vertex   -6.790322e+001 7.050569e+001 0.000000e+000
      vertex   -6.807011e+001 7.051127e+001 1.000000e+000
      vertex   -6.790322e+001 7.050569e+001 1.000000e+000
    endloop
  endfacet
  facet normal -1.000957e-001 9.949778e-001 0.000000e+000
    outer loop
      vertex   -6.773708e+001 7.052240e+001 0.000000e+000
      vertex   -6.790322e+001 7.050569e+001 1.000000e+000
      vertex   -6.773708e+001 7.052240e+001 1.000000e+000
    endloop
  endfacet
  facet normal -2.318202e-001 9.727587e-001 0.000000e+000
    outer loop
      vertex   -6.757465e+001 7.056111e+001 0.000000e+000
      vertex   -6.773708e+001 7.052240e+001 1.000000e+000
      vertex   -6.757465e+001 7.056111e+001 1.000000e+000
    endloop
  endfacet
  facet normal -3.594078e-001 9.331806e-001 0.000000e+000
    outer loop
      vertex   -6.741882e+001 7.062113e+001 0.000000e+000
      vertex   -6.757465e+001 7.056111e+001 1.000000e+000
      vertex   -6.741882e+001 7.062113e+001 1.000000e+000
    endloop
  endfacet
  facet normal -4.805818e-001 8.769499e-001 0.000000e+000
    outer loop
      vertex   -6.727239e+001 7.070138e+001 0.000000e+000
      vertex   -6.741882e+001 7.062113e+001 1.000000e+000
      vertex   -6.727239e+001 7.070138e+001 1.000000e+000
    endloop
  endfacet
  facet normal -5.931797e-001 8.050701e-001 0.000000e+000
    outer loop
      vertex   -6.713796e+001 7.080043e+001 0.000000e+000
      vertex   -6.727239e+001 7.070138e+001 1.000000e+000
      vertex   -6.713796e+001 7.080043e+001 1.000000e+000
    endloop
  endfacet
  facet normal -6.951924e-001 7.188237e-001 0.000000e+000
    outer loop
      vertex   -6.701793e+001 7.091651e+001 0.000000e+000
      vertex   -6.713796e+001 7.080043e+001 1.000000e+000
      vertex   -6.701793e+001 7.091651e+001 1.000000e+000
    endloop
  endfacet
  facet normal -7.847994e-001 6.197499e-001 0.000000e+000
    outer loop
      vertex   -6.691444e+001 7.104756e+001 0.000000e+000
      vertex   -6.701793e+001 7.091651e+001 1.000000e+000
      vertex   -6.691444e+001 7.104756e+001 1.000000e+000
    endloop
  endfacet
  facet normal -8.604016e-001 5.096166e-001 0.000000e+000
    outer loop
      vertex   -6.682934e+001 7.119123e+001 0.000000e+000
      vertex   -6.691444e+001 7.104756e+001 1.000000e+000
      vertex   -6.682934e+001 7.119123e+001 1.000000e+000
    endloop
  endfacet
  facet normal -9.206499e-001 3.903893e-001 0.000000e+000
    outer loop
      vertex   -6.676415e+001 7.134496e+001 0.000000e+000
      vertex   -6.682934e+001 7.119123e+001 1.000000e+000
      vertex   -6.676415e+001 7.134496e+001 1.000000e+000
    endloop
  endfacet
  facet normal -9.644692e-001 2.641954e-001 0.000000e+000
    outer loop
      vertex   -6.672004e+001 7.150601e+001 0.000000e+000
      vertex   -6.676415e+001 7.134496e+001 1.000000e+000
      vertex   -6.672004e+001 7.150601e+001 1.000000e+000
    endloop
  endfacet
  facet normal -9.910775e-001 1.332870e-001 0.000000e+000
    outer loop
      vertex   -6.669778e+001 7.167150e+001 0.000000e+000
      vertex   -6.672004e+001 7.150601e+001 1.000000e+000
      vertex   -6.669778e+001 7.167150e+001 1.000000e+000
    endloop
  endfacet
  facet normal -1.000000e+000 0.000000e+000 0.000000e+000
    outer loop
      vertex   -6.669778e+001 7.183848e+001 0.000000e+000
      vertex   -6.669778e+001 7.167150e+001 1.000000e+000
      vertex   -6.669778e+001 7.183848e+001 1.000000e+000
    endloop
  endfacet
  facet normal -9.910775e-001 -1.332870e-001 0.000000e+000
    outer loop
      vertex   -6.672004e+001 7.200397e+001 0.000000e+000
      vertex   -6.669778e+001 7.183848e+001 1.000000e+000
      vertex   -6.672004e+001 7.200397e+001 1.000000e+000
    endloop
  endfacet
  facet normal -9.644692e-001 -2.641954e-001 0.000000e+000
    outer loop
      vertex   -6.676415e+001 7.216502e+001 0.000000e+000
      vertex   -6.672004e+001 7.200397e+001 1.000000e+000
      vertex   -6.676415e+001 7.216502e+001 1.000000e+000
    endloop
  endfacet
  facet normal -9.206499e-001 -3.903893e-001 0.000000e+000
    outer loop
      vertex   -6.682934e+001 7.231875e+001 0.000000e+000
      vertex   -6.676415e+001 7.216502e+001 1.000000e+000
      vertex   -6.682934e+001 7.231875e+001 1.000000e+000
    endloop
  endfacet
  facet normal -8.604016e-001 -5.096166e-001 0.000000e+000
    outer loop
      vertex   -6.691444e+001 7.246242e+001 0.000000e+000
      vertex   -6.682934e+001 7.231875e+001 1.000000e+000
      vertex   -6.691444e+001 7.246242e+001 1.000000e+000
    endloop
  endfacet
  facet normal -7.847994e-001 -6.197499e-001 0.000000e+000
    outer loop
      vertex   -6.701793e+001 7.259347e+001 0.000000e+000
      vertex   -6.691444e+001 7.246242e+001 1.000000e+000
      vertex   -6.701793e+001 7.259347e+001 1.000000e+000
    endloop
  endfacet
  facet normal -6.951924e-001 -7.188237e-001 0.000000e+000
    outer loop
      vertex   -6.713796e+001 7.270956e+001 0.000000e+000
      vertex   -6.701793e+001 7.259347e+001 1.000000e+000
      vertex   -6.713796e+001 7.270956e+001 1.000000e+000
    endloop
  endfacet
  facet normal -5.931797e-001 -8.050701e-001 0.000000e+000
    outer loop
      vertex   -6.727239e+001 7.280861e+001 0.000000e+000
      vertex   -6.713796e+001 7.270956e+001 1.000000e+000
      vertex   -6.727239e+001 7.280861e+001 1.000000e+000
    endloop
  endfacet
  facet normal -4.805818e-001 -8.769499e-001 0.000000e+000
    outer loop
      vertex   -6.741882e+001 7.288885e+001 0.000000e+000
      vertex   -6.727239e+001 7.280861e+001 1.000000e+000
      vertex   -6.741882e+001 7.288885e+001 1.000000e+000
    endloop
  endfacet
  facet normal -3.594078e-001 -9.331806e-001 0.000000e+000
    outer loop
      vertex   -6.757465e+001 7.294887e+001 0.000000e+000
      vertex   -6.741882e+001 7.288885e+001 1.000000e+000
      vertex   -6.757465e+001 7.294887e+001 1.000000e+000
    endloop
  endfacet
  facet normal -2.318202e-001 -9.727587e-001 0.000000e+000
    outer loop
      vertex   -6.773708e+001 7.298758e+001 0.000000e+000
      vertex   -6.757465e+001 7.294887e+001 1.000000e+000
      vertex   -6.773708e+001 7.298758e+001 1.000000e+000
    endloop
  endfacet
  facet normal -1.000957e-001 -9.949778e-001 0.000000e+000
    outer loop
      vertex   -6.790322e+001 7.300429e+001 0.000000e+000
      vertex   -6.773708e+001 7.298758e+001 1.000000e+000
      vertex   -6.790322e+001 7.300429e+001 1.000000e+000
    endloop
  endfacet
  facet normal 3.341498e-002 -9.994416e-001 0.000000e+000
    outer loop
      vertex   -6.807011e+001 7.299871e+001 0.000000e+000
      vertex   -6.790322e+001 7.300429e+001 1.000000e+000
      vertex   -6.807011e+001 7.299871e+001 1.000000e+000
    endloop
  endfacet
  facet normal 1.663294e-001 -9.860703e-001 0.000000e+000
    outer loop
      vertex   -6.823477e+001 7.297094e+001 0.000000e+000
      vertex   -6.807011e+001 7.299871e+001 1.000000e+000
      vertex   -6.823477e+001 7.297094e+001 1.000000e+000
    endloop
  endfacet
  facet normal 2.962756e-001 -9.551025e-001 0.000000e+000
    outer loop
      vertex   -6.839425e+001 7.292147e+001 0.000000e+000
      vertex   -6.823477e+001 7.297094e+001 1.000000e+000
      vertex   -6.839425e+001 7.292147e+001 1.000000e+000
    endloop
  endfacet
  facet normal 4.209348e-001 -9.070909e-001 0.000000e+000
    outer loop
      vertex   -6.854572e+001 7.285118e+001 0.000000e+000
      vertex   -6.839425e+001 7.292147e+001 1.000000e+000
      vertex   -6.854572e+001 7.285118e+001 1.000000e+000
    endloop
  endfacet
  facet normal 5.380824e-001 -8.428923e-001 0.000000e+000
    outer loop
      vertex   -6.868647e+001 7.276133e+001 0.000000e+000
      vertex   -6.854572e+001 7.285118e+001 1.000000e+000
      vertex   -6.868647e+001 7.276133e+001 1.000000e+000
    endloop
  endfacet
  facet normal 6.456279e-001 -7.636522e-001 0.000000e+000
    outer loop
      vertex   -6.881398e+001 7.265352e+001 0.000000e+000
      vertex   -6.868647e+001 7.276133e+001 1.000000e+000
      vertex   -6.881398e+001 7.265352e+001 1.000000e+000
    endloop
  endfacet
  facet normal 7.416521e-001 -6.707847e-001 0.000000e+000
    outer loop
      vertex   -6.892599e+001 7.252968e+001 0.000000e+000
      vertex   -6.881398e+001 7.265352e+001 1.000000e+000
      vertex   -6.892599e+001 7.252968e+001 1.000000e+000
    endloop
  endfacet
  facet normal 8.244416e-001 -5.659471e-001 0.000000e+000
    outer loop
      vertex   -6.902049e+001 7.239201e+001 0.000000e+000
      vertex   -6.892599e+001 7.252968e+001 1.000000e+000
      vertex   -6.902049e+001 7.239201e+001 1.000000e+000
    endloop
  endfacet
  facet normal 8.925188e-001 -4.510101e-001 0.000000e+000
    outer loop
      vertex   -6.909580e+001 7.224298e+001 0.000000e+000
      vertex   -6.902049e+001 7.239201e+001 1.000000e+000
      vertex   -6.909580e+001 7.224298e+001 1.000000e+000
    endloop
  endfacet
  facet normal 9.446691e-001 -3.280249e-001 0.000000e+000
    outer loop
      vertex   -6.915058e+001 7.208524e+001 0.000000e+000
      vertex   -6.909580e+001 7.224298e+001 1.000000e+000
      vertex   -6.915058e+001 7.208524e+001 1.000000e+000
    endloop
  endfacet
  facet normal 9.799617e-001 -1.991860e-001 0.000000e+000
    outer loop
      vertex   -6.918384e+001 7.192160e+001 0.000000e+000
      vertex   -6.915058e+001 7.208524e+001 1.000000e+000
      vertex   -6.918384e+001 7.192160e+001 1.000000e+000
    endloop
  endfacet
  facet normal 9.977669e-001 -6.679263e-002 0.000000e+000
    outer loop
      vertex   -6.919499e+001 7.175499e+001 0.000000e+000
      vertex   -6.918384e+001 7.192160e+001 1.000000e+000
      vertex   -6.919499e+001 7.175499e+001 1.000000e+000
    endloop
  endfacet
  facet normal 9.977669e-001 6.679263e-002 -0.000000e+000
    outer loop
      vertex   -6.918384e+001 7.158838e+001 0.000000e+000
      vertex   -6.919499e+001 7.175499e+001 0.000000e+000
      vertex   -6.919499e+001 7.175499e+001 1.000000e+000
    endloop
  endfacet
  facet normal 8.925188e-001 4.510101e-001 -0.000000e+000
    outer loop
      vertex   -6.909580e+001 7.126700e+001 0.000000e+000
      vertex   -6.909580e+001 7.126700e+001 1.000000e+000
      vertex   -6.902049e+001 7.111797e+001 0.000000e+000
    endloop
  endfacet
  facet normal 8.244416e-001 5.659471e-001 -0.000000e+000
    outer loop
      vertex   -6.902049e+001 7.111797e+001 0.000000e+000
      vertex   -6.902049e+001 7.111797e+001 1.000000e+000
      vertex   -6.892599e+001 7.098030e+001 0.000000e+000
    endloop
  endfacet
  facet normal 7.416521e-001 6.707847e-001 -0.000000e+000
    outer loop
      vertex   -6.892599e+001 7.098030e+001 0.000000e+000
      vertex   -6.892599e+001 7.098030e+001 1.000000e+000
      vertex   -6.881398e+001 7.085646e+001 0.000000e+000
    endloop
  endfacet
  facet normal 6.456279e-001 7.636522e-001 -0.000000e+000
    outer loop
      vertex   -6.881398e+001 7.085646e+001 0.000000e+000
      vertex   -6.881398e+001 7.085646e+001 1.000000e+000
      vertex   -6.868647e+001 7.074865e+001 0.000000e+000
    endloop
  endfacet
  facet normal 5.380824e-001 8.428923e-001 -0.000000e+000
    outer loop
      vertex   -6.868647e+001 7.074865e+001 0.000000e+000
      vertex   -6.868647e+001 7.074865e+001 1.000000e+000
      vertex   -6.854572e+001 7.065880e+001 0.000000e+000
    endloop
  endfacet
  facet normal 4.209348e-001 9.070909e-001 -0.000000e+000
    outer loop
      vertex   -6.854572e+001 7.065880e+001 0.000000e+000
      vertex   -6.854572e+001 7.065880e+001 1.000000e+000
      vertex   -6.839425e+001 7.058852e+001 0.000000e+000
    endloop
  endfacet
  facet normal 2.962756e-001 9.551025e-001 -0.000000e+000
    outer loop
      vertex   -6.839425e+001 7.058852e+001 0.000000e+000
      vertex   -6.839425e+001 7.058852e+001 1.000000e+000
      vertex   -6.823477e+001 7.053904e+001 0.000000e+000
    endloop
  endfacet
  facet normal 1.663294e-001 9.860703e-001 -0.000000e+000
    outer loop
      vertex   -6.823477e+001 7.053904e+001 0.000000e+000
      vertex   -6.823477e+001 7.053904e+001 1.000000e+000
      vertex   -6.807011e+001 7.051127e+001 0.000000e+000
    endloop
  endfacet
  facet normal 3.341498e-002 9.994416e-001 -0.000000e+000
    outer loop
      vertex   -6.807011e+001 7.051127e+001 0.000000e+000
      vertex   -6.807011e+001 7.051127e+001 1.000000e+000
      vertex   -6.790322e+001 7.050569e+001 0.000000e+000
    endloop
  endfacet
  facet normal -1.000957e-001 9.949778e-001 0.000000e+000
    outer loop
      vertex   -6.790322e+001 7.050569e+001 0.000000e+000
      vertex   -6.790322e+001 7.050569e+001 1.000000e+000
      vertex   -6.773708e+001 7.052240e+001 0.000000e+000
    endloop
  endfacet
  facet normal -2.318202e-001 9.727587e-001 0.000000e+000
    outer loop
      vertex   -6.773708e+001 7.052240e+001 0.000000e+000
      vertex   -6.773708e+001 7.052240e+001 1.000000e+000
      vertex   -6.757465e+001 7.056111e+001 0.000000e+000
    endloop
  endfacet
  facet normal -3.594078e-001 9.331806e-001 0.000000e+000
    outer loop
      vertex   -6.757465e+001 7.056111e+001 0.000000e+000
      vertex   -6.757465e+001 7.056111e+001 1.000000e+000
      vertex   -6.741882e+001 7.062113e+001 0.000000e+000
    endloop
  endfacet
  facet normal -4.805818e-001 8.769499e-001 0.000000e+000
    outer loop
      vertex   -6.741882e+001 7.062113e+001 0.000000e+000
      vertex   -6.741882e+001 7.062113e+001 1.000000e+000
      vertex   -6.727239e+001 7.070138e+001 0.000000e+000
    endloop
  endfacet
  facet normal -5.931797e-001 8.050701e-001 0.000000e+000
    outer loop
      vertex   -6.727239e+001 7.070138e+001 0.000000e+000
      vertex   -6.727239e+001 7.070138e+001 1.000000e+000
      vertex   -6.713796e+001 7.080043e+001 0.000000e+000
    endloop
  endfacet
  facet normal -6.951924e-001 7.188237e-001 0.000000e+000
    outer loop
      vertex   -6.713796e+001 7.080043e+001 0.000000e+000
      vertex   -6.713796e+001 7.080043e+001 1.000000e+000
      vertex   -6.701793e+001 7.091651e+001 0.000000e+000
    endloop
  endfacet
  facet normal -7.847994e-001 6.197499e-001 0.000000e+000
    outer loop
      vertex   -6.701793e+001 7.091651e+001 0.000000e+000
      vertex   -6.701793e+001 7.091651e+001 1.000000e+000
      vertex   -6.691444e+001 7.104756e+001 0.000000e+000
    endloop
  endfacet
  facet normal -8.604016e-001 5.096166e-001 0.000000e+000
    outer loop
      vertex   -6.691444e+001 7.104756e+001 0.000000e+000
      vertex   -6.691444e+001 7.104756e+001 1.000000e+000
      vertex   -6.682934e+001 7.119123e+001 0.000000e+000
    endloop
  endfacet
  facet normal -9.206499e-001 3.903893e-001 0.000000e+000
    outer loop
      vertex   -6.682934e+001 7.119123e+001 0.000000e+000
      vertex   -6.682934e+001 7.119123e+001 1.000000e+000
      vertex   -6.676415e+001 7.134496e+001 0.000000e+000
    endloop
  endfacet
  facet normal -9.644692e-001 2.641954e-001 0.000000e+000
    outer loop
      vertex   -6.676415e+001 7.134496e+001 0.000000e+000
      vertex   -6.676415e+001 7.134496e+001 1.000000e+000
      vertex   -6.672004e+001 7.150601e+001 0.000000e+000
    endloop
  endfacet
  facet normal -9.910775e-001 1.332870e-001 0.000000e+000
    outer loop
      vertex   -6.672004e+001 7.150601e+001 0.000000e+000
      vertex   -6.672004e+001 7.150601e+001 1.000000e+000
      vertex   -6.669778e+001 7.167150e+001 0.000000e+000
    endloop
  endfacet
  facet normal -1.000000e+000 0.000000e+000 0.000000e+000
    outer loop
      vertex   -6.669778e+001 7.167150e+001 0.000000e+000
      vertex   -6.669778e+001 7.167150e+001 1.000000e+000
      vertex   -6.669778e+001 7.183848e+001 0.000000e+000
    endloop
  endfacet
  facet normal -9.910775e-001 -1.332870e-001 0.000000e+000
    outer loop
      vertex   -6.669778e+001 7.183848e+001 0.000000e+000
      vertex   -6.669778e+001 7.183848e+001 1.000000e+000
      vertex   -6.672004e+001 7.200397e+001 0.000000e+000
    endloop
  endfacet
  facet normal -9.644692e-001 -2.641954e-001 0.000000e+000
    outer loop
      vertex   -6.672004e+001 7.200397e+001 0.000000e+000
      vertex   -6.672004e+001 7.200397e+001 1.000000e+000
      vertex   -6.676415e+001 7.216502e+001 0.000000e+000
    endloop
  endfacet
  facet normal -9.206499e-001 -3.903893e-001 0.000000e+000
    outer loop
      vertex   -6.676415e+001 7.216502e+001 0.000000e+000
      vertex   -6.676415e+001 7.216502e+001 1.000000e+000
      vertex   -6.682934e+001 7.231875e+001 0.000000e+000
    endloop
  endfacet
  facet normal -8.604016e-001 -5.096166e-001 0.000000e+000
    outer loop
      vertex   -6.682934e+001 7.231875e+001 0.000000e+000
      vertex   -6.682934e+001 7.231875e+001 1.000000e+000
      vertex   -6.691444e+001 7.246242e+001 0.000000e+000
    endloop
  endfacet
  facet normal -7.847994e-001 -6.197499e-001 0.000000e+000
    outer loop
      vertex   -6.691444e+001 7.246242e+001 0.000000e+000
      vertex   -6.691444e+001 7.246242e+001 1.000000e+000
      vertex   -6.701793e+001 7.259347e+001 0.000000e+000
    endloop
  endfacet
  facet normal -6.951924e-001 -7.188237e-001 0.000000e+000
    outer loop
      vertex   -6.701793e+001 7.259347e+001 0.000000e+000
      vertex   -6.701793e+001 7.259347e+001 1.000000e+000
      vertex   -6.713796e+001 7.270956e+001 0.000000e+000
    endloop
  endfacet
  facet normal -5.931797e-001 -8.050701e-001 0.000000e+000
    outer loop
      vertex   -6.713796e+001 7.270956e+001 0.000000e+000
      vertex   -6.713796e+001 7.270956e+001 1.000000e+000
      vertex   -6.727239e+001 7.280861e+001 0.000000e+000
    endloop
  endfacet
  facet normal -4.805818e-001 -8.769499e-001 0.000000e+000
    outer loop
      vertex   -6.727239e+001 7.280861e+001 0.000000e+000
      vertex   -6.727239e+001 7.280861e+001 1.000000e+000
      vertex   -6.741882e+001 7.288885e+001 0.000000e+000
    endloop
  endfacet
  facet normal -3.594078e-001 -9.331806e-001 0.000000e+000
    outer loop
      vertex   -6.741882e+001 7.288885e+001 0.000000e+000
      vertex   -6.741882e+001 7.288885e+001 1.000000e+000
      vertex   -6.757465e+001 7.294887e+001 0.000000e+000
    endloop
  endfacet
  facet normal -2.318202e-001 -9.727587e-001 0.000000e+000
    outer loop
      vertex   -6.757465e+001 7.294887e+001 0.000000e+000
      vertex   -6.757465e+001 7.294887e+001 1.000000e+000
      vertex   -6.773708e+001 7.298758e+001 0.000000e+000
    endloop
  endfacet
  facet normal -1.000957e-001 -9.949778e-001 0.000000e+000
    outer loop
      vertex   -6.773708e+001 7.298758e+001 0.000000e+000
      vertex   -6.773708e+001 7.298758e+001 1.000000e+000
      vertex   -6.790322e+001 7.300429e+001 0.000000e+000
    endloop
  endfacet
  facet normal 3.341498e-002 -9.994416e-001 0.000000e+000
    outer loop
      vertex   -6.790322e+001 7.300429e+001 0.000000e+000
      vertex   -6.790322e+001 7.300429e+001 1.000000e+000
      vertex   -6.807011e+001 7.299871e+001 0.000000e+000
    endloop
  endfacet
  facet normal 1.663294e-001 -9.860703e-001 0.000000e+000
    outer loop
      vertex   -6.807011e+001 7.299871e+001 0.000000e+000
      vertex   -6.807011e+001 7.299871e+001 1.000000e+000
      vertex   -6.823477e+001 7.297094e+001 0.000000e+000
    endloop
  endfacet
  facet normal 2.962756e-001 -9.551025e-001 0.000000e+000
    outer loop
      vertex   -6.823477e+001 7.297094e+001 0.000000e+000
      vertex   -6.823477e+001 7.297094e+001 1.000000e+000
      vertex   -6.839425e+001 7.292147e+001 0.000000e+000
    endloop
  endfacet
  facet normal 4.209348e-001 -9.070909e-001 0.000000e+000
    outer loop
      vertex   -6.839425e+001 7.292147e+001 0.000000e+000
      vertex   -6.839425e+001 7.292147e+001 1.000000e+000
      vertex   -6.854572e+001 7.285118e+001 0.000000e+000
    endloop
  endfacet
  facet normal 5.380824e-001 -8.428923e-001 0.000000e+000
    outer loop
      vertex   -6.854572e+001 7.285118e+001 0.000000e+000
      vertex   -6.854572e+001 7.285118e+001 1.000000e+000
      vertex   -6.868647e+001 7.276133e+001 0.000000e+000
    endloop
  endfacet
  facet normal 6.456279e-001 -7.636522e-001 0.000000e+000
    outer loop
      vertex   -6.868647e+001 7.276133e+001 0.000000e+000
      vertex   -6.868647e+001 7.276133e+001 1.000000e+000
      vertex   -6.881398e+001 7.265352e+001 0.000000e+000
    endloop
  endfacet
  facet normal 7.416521e-001 -6.707847e-001 0.000000e+000
    outer loop
      vertex   -6.881398e+001 7.265352e+001 0.000000e+000
      vertex   -6.881398e+001 7.265352e+001 1.000000e+000
      vertex   -6.892599e+001 7.252968e+001 0.000000e+000
    endloop
  endfacet
  facet normal 8.244416e-001 -5.659471e-001 0.000000e+000
    outer loop
      vertex   -6.892599e+001 7.252968e+001 0.000000e+000
      vertex   -6.892599e+001 7.252968e+001 1.000000e+000
      vertex   -6.902049e+001 7.239201e+001 0.000000e+000
    endloop
  endfacet
  facet normal 8.925188e-001 -4.510101e-001 0.000000e+000
    outer loop
      vertex   -6.902049e+001 7.239201e+001 0.000000e+000
      vertex   -6.902049e+001 7.239201e+001 1.000000e+000
      vertex   -6.909580e+001 7.224298e+001 0.000000e+000
    endloop
  endfacet
  facet normal 9.446691e-001 -3.280249e-001 0.000000e+000
    outer loop
      vertex   -6.909580e+001 7.224298e+001 0.000000e+000
      vertex   -6.909580e+001 7.224298e+001 1.000000e+000
      vertex   -6.915058e+001 7.208524e+001 0.000000e+000
    endloop
  endfacet
  facet normal 9.799617e-001 -1.991860e-001 0.000000e+000
    outer loop
      vertex   -6.915058e+001 7.208524e+001 0.000000e+000
      vertex   -6.915058e+001 7.208524e+001 1.000000e+000
      vertex   -6.918384e+001 7.192160e+001 0.000000e+000
    endloop
  endfacet
  facet normal 9.977669e-001 -6.679263e-002 0.000000e+000
    outer loop
      vertex   -6.918384e+001 7.192160e+001 0.000000e+000
      vertex   -6.918384e+001 7.192160e+001 1.000000e+000
      vertex   -6.919499e+001 7.175499e+001 0.000000e+000
    endloop
  endfacet
  facet normal 9.977669e-001 6.679263e-002 0.000000e+000
    outer loop
      vertex   -6.918384e+001 1.697838e+001 1.000000e+000
      vertex   -6.918384e+001 1.697838e+001 0.000000e+000
      vertex   -6.919499e+001 1.714499e+001 1.000000e+000
    endloop
  endfacet
  facet normal 9.799617e-001 1.991860e-001 0.000000e+000
    outer loop
      vertex   -6.918384e+001 1.697838e+001 1.000000e+000
      vertex   -6.915058e+001 1.681475e+001 0.000000e+000
      vertex   -6.918384e+001 1.697838e+001 0.000000e+000
    endloop
  endfacet
  facet normal 9.799617e-001 1.991860e-001 0.000000e+000
    outer loop
      vertex   -6.918384e+001 1.697838e+001 1.000000e+000
      vertex   -6.915058e+001 1.681475e+001 1.000000e+000
      vertex   -6.915058e+001 1.681475e+001 0.000000e+000
    endloop
  endfacet
  facet normal 9.446691e-001 3.280249e-001 -0.000000e+000
    outer loop
      vertex   -6.915058e+001 1.681475e+001 0.000000e+000
      vertex   -6.915058e+001 1.681475e+001 1.000000e+000
      vertex   -6.909580e+001 1.665700e+001 0.000000e+000
    endloop
  endfacet
  facet normal 9.446691e-001 3.280249e-001 0.000000e+000
    outer loop
      vertex   -6.909580e+001 1.665700e+001 0.000000e+000
      vertex   -6.915058e+001 1.681475e+001 1.000000e+000
      vertex   -6.909580e+001 1.665700e+001 1.000000e+000
    endloop
  endfacet
  facet normal 8.925188e-001 4.510101e-001 0.000000e+000
    outer loop
      vertex   -6.902049e+001 1.650797e+001 0.000000e+000
      vertex   -6.909580e+001 1.665700e+001 1.000000e+000
      vertex   -6.902049e+001 1.650797e+001 1.000000e+000
    endloop
  endfacet
  facet normal 8.244416e-001 5.659471e-001 0.000000e+000
    outer loop
      vertex   -6.892599e+001 1.637030e+001 0.000000e+000
      vertex   -6.902049e+001 1.650797e+001 1.000000e+000
      vertex   -6.892599e+001 1.637030e+001 1.000000e+000
    endloop
  endfacet
  facet normal 7.416521e-001 6.707847e-001 0.000000e+000
    outer loop
      vertex   -6.881398e+001 1.624646e+001 0.000000e+000
      vertex   -6.892599e+001 1.637030e+001 1.000000e+000
      vertex   -6.881398e+001 1.624646e+001 1.000000e+000
    endloop
  endfacet
  facet normal 6.456279e-001 7.636522e-001 0.000000e+000
    outer loop
      vertex   -6.868647e+001 1.613865e+001 0.000000e+000
      vertex   -6.881398e+001 1.624646e+001 1.000000e+000
      vertex   -6.868647e+001 1.613865e+001 1.000000e+000
    endloop
  endfacet
  facet normal 5.380824e-001 8.428923e-001 0.000000e+000
    outer loop
      vertex   -6.854572e+001 1.604880e+001 0.000000e+000
      vertex   -6.868647e+001 1.613865e+001 1.000000e+000
      vertex   -6.854572e+001 1.604880e+001 1.000000e+000
    endloop
  endfacet
  facet normal 4.209348e-001 9.070909e-001 0.000000e+000
    outer loop
      vertex   -6.839425e+001 1.597852e+001 0.000000e+000
      vertex   -6.854572e+001 1.604880e+001 1.000000e+000
      vertex   -6.839425e+001 1.597852e+001 1.000000e+000
    endloop
  endfacet
  facet normal 2.962756e-001 9.551025e-001 0.000000e+000
    outer loop
      vertex   -6.823477e+001 1.592904e+001 0.000000e+000
      vertex   -6.839425e+001 1.597852e+001 1.000000e+000
      vertex   -6.823477e+001 1.592904e+001 1.000000e+000
    endloop
  endfacet
  facet normal 1.663294e-001 9.860703e-001 0.000000e+000
    outer loop
      vertex   -6.807011e+001 1.590127e+001 0.000000e+000
      vertex   -6.823477e+001 1.592904e+001 1.000000e+000
      vertex   -6.807011e+001 1.590127e+001 1.000000e+000
    endloop
  endfacet
  facet normal 3.341498e-002 9.994416e-001 0.000000e+000
    outer loop
      vertex   -6.790322e+001 1.589569e+001 0.000000e+000
      vertex   -6.807011e+001 1.590127e+001 1.000000e+000
      vertex   -6.790322e+001 1.589569e+001 1.000000e+000
    endloop
  endfacet
  facet normal -1.000957e-001 9.949778e-001 0.000000e+000
    outer loop
      vertex   -6.773708e+001 1.591240e+001 0.000000e+000
      vertex   -6.790322e+001 1.589569e+001 1.000000e+000
      vertex   -6.773708e+001 1.591240e+001 1.000000e+000
    endloop
  endfacet
  facet normal -2.318202e-001 9.727587e-001 0.000000e+000
    outer loop
      vertex   -6.757465e+001 1.595111e+001 0.000000e+000
      vertex   -6.773708e+001 1.591240e+001 1.000000e+000
      vertex   -6.757465e+001 1.595111e+001 1.000000e+000
    endloop
  endfacet
  facet normal -3.594078e-001 9.331806e-001 0.000000e+000
    outer loop
      vertex   -6.741882e+001 1.601113e+001 0.000000e+000
      vertex   -6.757465e+001 1.595111e+001 1.000000e+000
      vertex   -6.741882e+001 1.601113e+001 1.000000e+000
    endloop
  endfacet
  facet normal -4.805818e-001 8.769499e-001 0.000000e+000
    outer loop
      vertex   -6.727239e+001 1.609138e+001 0.000000e+000
      vertex   -6.741882e+001 1.601113e+001 1.000000e+000
      vertex   -6.727239e+001 1.609138e+001 1.000000e+000
    endloop
  endfacet
  facet normal -5.931797e-001 8.050701e-001 0.000000e+000
    outer loop
      vertex   -6.713796e+001 1.619043e+001 0.000000e+000
      vertex   -6.727239e+001 1.609138e+001 1.000000e+000
      vertex   -6.713796e+001 1.619043e+001 1.000000e+000
    endloop
  endfacet
  facet normal -6.951924e-001 7.188237e-001 0.000000e+000
    outer loop
      vertex   -6.701793e+001 1.630651e+001 0.000000e+000
      vertex   -6.713796e+001 1.619043e+001 1.000000e+000
      vertex   -6.701793e+001 1.630651e+001 1.000000e+000
    endloop
  endfacet
  facet normal -7.847994e-001 6.197499e-001 0.000000e+000
    outer loop
      vertex   -6.691444e+001 1.643756e+001 0.000000e+000
      vertex   -6.701793e+001 1.630651e+001 1.000000e+000
      vertex   -6.691444e+001 1.643756e+001 1.000000e+000
    endloop
  endfacet
  facet normal -8.604016e-001 5.096166e-001 0.000000e+000
    outer loop
      vertex   -6.682934e+001 1.658123e+001 0.000000e+000
      vertex   -6.691444e+001 1.643756e+001 1.000000e+000
      vertex   -6.682934e+001 1.658123e+001 1.000000e+000
    endloop
  endfacet
  facet normal -9.206499e-001 3.903893e-001 0.000000e+000
    outer loop
      vertex   -6.676415e+001 1.673496e+001 0.000000e+000
      vertex   -6.682934e+001 1.658123e+001 1.000000e+000
      vertex   -6.676415e+001 1.673496e+001 1.000000e+000
    endloop
  endfacet
  facet normal -9.644692e-001 2.641954e-001 0.000000e+000
    outer loop
      vertex   -6.672004e+001 1.689601e+001 0.000000e+000
      vertex   -6.676415e+001 1.673496e+001 1.000000e+000
      vertex   -6.672004e+001 1.689601e+001 1.000000e+000
    endloop
  endfacet
  facet normal -9.910775e-001 1.332870e-001 0.000000e+000
    outer loop
      vertex   -6.669778e+001 1.706150e+001 0.000000e+000
      vertex   -6.672004e+001 1.689601e+001 1.000000e+000
      vertex   -6.669778e+001 1.706150e+001 1.000000e+000
    endloop
  endfacet
  facet normal -1.000000e+000 0.000000e+000 0.000000e+000
    outer loop
      vertex   -6.669778e+001 1.722848e+001 0.000000e+000
      vertex   -6.669778e+001 1.706150e+001 1.000000e+000
      vertex   -6.669778e+001 1.722848e+001 1.000000e+000
    endloop
  endfacet
  facet normal -9.910775e-001 -1.332870e-001 0.000000e+000
    outer loop
      vertex   -6.672004e+001 1.739397e+001 0.000000e+000
      vertex   -6.669778e+001 1.722848e+001 1.000000e+000
      vertex   -6.672004e+001 1.739397e+001 1.000000e+000
    endloop
  endfacet
  facet normal -9.644692e-001 -2.641954e-001 0.000000e+000
    outer loop
      vertex   -6.676415e+001 1.755502e+001 0.000000e+000
      vertex   -6.672004e+001 1.739397e+001 1.000000e+000
      vertex   -6.676415e+001 1.755502e+001 1.000000e+000
    endloop
  endfacet
  facet normal -9.206499e-001 -3.903893e-001 0.000000e+000
    outer loop
      vertex   -6.682934e+001 1.770875e+001 0.000000e+000
      vertex   -6.676415e+001 1.755502e+001 1.000000e+000
      vertex   -6.682934e+001 1.770875e+001 1.000000e+000
    endloop
  endfacet
  facet normal -8.604016e-001 -5.096166e-001 0.000000e+000
    outer loop
      vertex   -6.691444e+001 1.785242e+001 0.000000e+000
      vertex   -6.682934e+001 1.770875e+001 1.000000e+000
      vertex   -6.691444e+001 1.785242e+001 1.000000e+000
    endloop
  endfacet
  facet normal -7.847994e-001 -6.197499e-001 0.000000e+000
    outer loop
      vertex   -6.701793e+001 1.798347e+001 0.000000e+000
      vertex   -6.691444e+001 1.785242e+001 1.000000e+000
      vertex   -6.701793e+001 1.798347e+001 1.000000e+000
    endloop
  endfacet
  facet normal -6.951924e-001 -7.188237e-001 0.000000e+000
    outer loop
      vertex   -6.713796e+001 1.809956e+001 0.000000e+000
      vertex   -6.701793e+001 1.798347e+001 1.000000e+000
      vertex   -6.713796e+001 1.809956e+001 1.000000e+000
    endloop
  endfacet
  facet normal -5.931797e-001 -8.050701e-001 0.000000e+000
    outer loop
      vertex   -6.727239e+001 1.819861e+001 0.000000e+000
      vertex   -6.713796e+001 1.809956e+001 1.000000e+000
      vertex   -6.727239e+001 1.819861e+001 1.000000e+000
    endloop
  endfacet
  facet normal -4.805818e-001 -8.769499e-001 0.000000e+000
    outer loop
      vertex   -6.741882e+001 1.827885e+001 0.000000e+000
      vertex   -6.727239e+001 1.819861e+001 1.000000e+000
      vertex   -6.741882e+001 1.827885e+001 1.000000e+000
    endloop
  endfacet
  facet normal -3.594078e-001 -9.331806e-001 0.000000e+000
    outer loop
      vertex   -6.757465e+001 1.833887e+001 0.000000e+000
      vertex   -6.741882e+001 1.827885e+001 1.000000e+000
      vertex   -6.757465e+001 1.833887e+001 1.000000e+000
    endloop
  endfacet
  facet normal -2.318202e-001 -9.727587e-001 0.000000e+000
    outer loop
      vertex   -6.773708e+001 1.837758e+001 0.000000e+000
      vertex   -6.757465e+001 1.833887e+001 1.000000e+000
      vertex   -6.773708e+001 1.837758e+001 1.000000e+000
    endloop
  endfacet
  facet normal -1.000957e-001 -9.949778e-001 0.000000e+000
    outer loop
      vertex   -6.790322e+001 1.839429e+001 0.000000e+000
      vertex   -6.773708e+001 1.837758e+001 1.000000e+000
      vertex   -6.790322e+001 1.839429e+001 1.000000e+000
    endloop
  endfacet
  facet normal 3.341498e-002 -9.994416e-001 0.000000e+000
    outer loop
      vertex   -6.807011e+001 1.838871e+001 0.000000e+000
      vertex   -6.790322e+001 1.839429e+001 1.000000e+000
      vertex   -6.807011e+001 1.838871e+001 1.000000e+000
    endloop
  endfacet
  facet normal 1.663294e-001 -9.860703e-001 0.000000e+000
    outer loop
      vertex   -6.823477e+001 1.836094e+001 0.000000e+000
      vertex   -6.807011e+001 1.838871e+001 1.000000e+000
      vertex   -6.823477e+001 1.836094e+001 1.000000e+000
    endloop
  endfacet
  facet normal 2.962756e-001 -9.551025e-001 0.000000e+000
    outer loop
      vertex   -6.839425e+001 1.831147e+001 0.000000e+000
      vertex   -6.823477e+001 1.836094e+001 1.000000e+000
      vertex   -6.839425e+001 1.831147e+001 1.000000e+000
    endloop
  endfacet
  facet normal 4.209348e-001 -9.070909e-001 0.000000e+000
    outer loop
      vertex   -6.854572e+001 1.824118e+001 0.000000e+000
      vertex   -6.839425e+001 1.831147e+001 1.000000e+000
      vertex   -6.854572e+001 1.824118e+001 1.000000e+000
    endloop
  endfacet
  facet normal 5.380824e-001 -8.428923e-001 0.000000e+000
    outer loop
      vertex   -6.868647e+001 1.815133e+001 0.000000e+000
      vertex   -6.854572e+001 1.824118e+001 1.000000e+000
      vertex   -6.868647e+001 1.815133e+001 1.000000e+000
    endloop
  endfacet
  facet normal 6.456279e-001 -7.636522e-001 0.000000e+000
    outer loop
      vertex   -6.881398e+001 1.804352e+001 0.000000e+000
      vertex   -6.868647e+001 1.815133e+001 1.000000e+000
      vertex   -6.881398e+001 1.804352e+001 1.000000e+000
    endloop
  endfacet
  facet normal 7.416521e-001 -6.707847e-001 0.000000e+000
    outer loop
      vertex   -6.892599e+001 1.791968e+001 0.000000e+000
      vertex   -6.881398e+001 1.804352e+001 1.000000e+000
      vertex   -6.892599e+001 1.791968e+001 1.000000e+000
    endloop
  endfacet
  facet normal 8.244416e-001 -5.659471e-001 0.000000e+000
    outer loop
      vertex   -6.902049e+001 1.778201e+001 0.000000e+000
      vertex   -6.892599e+001 1.791968e+001 1.000000e+000
      vertex   -6.902049e+001 1.778201e+001 1.000000e+000
    endloop
  endfacet
  facet normal 8.925188e-001 -4.510101e-001 0.000000e+000
    outer loop
      vertex   -6.909580e+001 1.763298e+001 0.000000e+000
      vertex   -6.902049e+001 1.778201e+001 1.000000e+000
      vertex   -6.909580e+001 1.763298e+001 1.000000e+000
    endloop
  endfacet
  facet normal 9.446691e-001 -3.280249e-001 0.000000e+000
    outer loop
      vertex   -6.915058e+001 1.747524e+001 0.000000e+000
      vertex   -6.909580e+001 1.763298e+001 1.000000e+000
      vertex   -6.915058e+001 1.747524e+001 1.000000e+000
    endloop
  endfacet
  facet normal 9.799617e-001 -1.991860e-001 0.000000e+000
    outer loop
      vertex   -6.918384e+001 1.731160e+001 0.000000e+000
      vertex   -6.915058e+001 1.747524e+001 1.000000e+000
      vertex   -6.918384e+001 1.731160e+001 1.000000e+000
    endloop
  endfacet
  facet normal 9.977669e-001 -6.679263e-002 0.000000e+000
    outer loop
      vertex   -6.919499e+001 1.714499e+001 0.000000e+000
      vertex   -6.918384e+001 1.731160e+001 1.000000e+000
      vertex   -6.919499e+001 1.714499e+001 1.000000e+000
    endloop
  endfacet
  facet normal 9.977669e-001 6.679263e-002 -0.000000e+000
    outer loop
      vertex   -6.918384e+001 1.697838e+001 0.000000e+000
      vertex   -6.919499e+001 1.714499e+001 0.000000e+000
      vertex   -6.919499e+001 1.714499e+001 1.000000e+000
    endloop
  endfacet
  facet normal 8.925188e-001 4.510101e-001 -0.000000e+000
    outer loop
      vertex   -6.909580e+001 1.665700e+001 0.000000e+000
      vertex   -6.909580e+001 1.665700e+001 1.000000e+000
      vertex   -6.902049e+001 1.650797e+001 0.000000e+000
    endloop
  endfacet
  facet normal 8.244416e-001 5.659471e-001 -0.000000e+000
    outer loop
      vertex   -6.902049e+001 1.650797e+001 0.000000e+000
      vertex   -6.902049e+001 1.650797e+001 1.000000e+000
      vertex   -6.892599e+001 1.637030e+001 0.000000e+000
    endloop
  endfacet
  facet normal 7.416521e-001 6.707847e-001 -0.000000e+000
    outer loop
      vertex   -6.892599e+001 1.637030e+001 0.000000e+000
      vertex   -6.892599e+001 1.637030e+001 1.000000e+000
      vertex   -6.881398e+001 1.624646e+001 0.000000e+000
    endloop
  endfacet
  facet normal 6.456279e-001 7.636522e-001 -0.000000e+000
    outer loop
      vertex   -6.881398e+001 1.624646e+001 0.000000e+000
      vertex   -6.881398e+001 1.624646e+001 1.000000e+000
      vertex   -6.868647e+001 1.613865e+001 0.000000e+000
    endloop
  endfacet
  facet normal 5.380824e-001 8.428923e-001 -0.000000e+000
    outer loop
      vertex   -6.868647e+001 1.613865e+001 0.000000e+000
      vertex   -6.868647e+001 1.613865e+001 1.000000e+000
      vertex   -6.854572e+001 1.604880e+001 0.000000e+000
    endloop
  endfacet
  facet normal 4.209348e-001 9.070909e-001 -0.000000e+000
    outer loop
      vertex   -6.854572e+001 1.604880e+001 0.000000e+000
      vertex   -6.854572e+001 1.604880e+001 1.000000e+000
      vertex   -6.839425e+001 1.597852e+001 0.000000e+000
    endloop
  endfacet
  facet normal 2.962756e-001 9.551025e-001 -0.000000e+000
    outer loop
      vertex   -6.839425e+001 1.597852e+001 0.000000e+000
      vertex   -6.839425e+001 1.597852e+001 1.000000e+000
      vertex   -6.823477e+001 1.592904e+001 0.000000e+000
    endloop
  endfacet
  facet normal 1.663294e-001 9.860703e-001 -0.000000e+000
    outer loop
      vertex   -6.823477e+001 1.592904e+001 0.000000e+000
      vertex   -6.823477e+001 1.592904e+001 1.000000e+000
      vertex   -6.807011e+001 1.590127e+001 0.000000e+000
    endloop
  endfacet
  facet normal 3.341498e-002 9.994416e-001 -0.000000e+000
    outer loop
      vertex   -6.807011e+001 1.590127e+001 0.000000e+000
      vertex   -6.807011e+001 1.590127e+001 1.000000e+000
      vertex   -6.790322e+001 1.589569e+001 0.000000e+000
    endloop
  endfacet
  facet normal -1.000957e-001 9.949778e-001 0.000000e+000
    outer loop
      vertex   -6.790322e+001 1.589569e+001 0.000000e+000
      vertex   -6.790322e+001 1.589569e+001 1.000000e+000
      vertex   -6.773708e+001 1.591240e+001 0.000000e+000
    endloop
  endfacet
  facet normal -2.318202e-001 9.727587e-001 0.000000e+000
    outer loop
      vertex   -6.773708e+001 1.591240e+001 0.000000e+000
      vertex   -6.773708e+001 1.591240e+001 1.000000e+000
      vertex   -6.757465e+001 1.595111e+001 0.000000e+000
    endloop
  endfacet
  facet normal -3.594078e-001 9.331806e-001 0.000000e+000
    outer loop
      vertex   -6.757465e+001 1.595111e+001 0.000000e+000
      vertex   -6.757465e+001 1.595111e+001 1.000000e+000
      vertex   -6.741882e+001 1.601113e+001 0.000000e+000
    endloop
  endfacet
  facet normal -4.805818e-001 8.769499e-001 0.000000e+000
    outer loop
      vertex   -6.741882e+001 1.601113e+001 0.000000e+000
      vertex   -6.741882e+001 1.601113e+001 1.000000e+000
      vertex   -6.727239e+001 1.609138e+001 0.000000e+000
    endloop
  endfacet
  facet normal -5.931797e-001 8.050701e-001 0.000000e+000
    outer loop
      vertex   -6.727239e+001 1.609138e+001 0.000000e+000
      vertex   -6.727239e+001 1.609138e+001 1.000000e+000
      vertex   -6.713796e+001 1.619043e+001 0.000000e+000
    endloop
  endfacet
  facet normal -6.951924e-001 7.188237e-001 0.000000e+000
    outer loop
      vertex   -6.713796e+001 1.619043e+001 0.000000e+000
      vertex   -6.713796e+001 1.619043e+001 1.000000e+000
      vertex   -6.701793e+001 1.630651e+001 0.000000e+000
    endloop
  endfacet
  facet normal -7.847994e-001 6.197499e-001 0.000000e+000
    outer loop
      vertex   -6.701793e+001 1.630651e+001 0.000000e+000
      vertex   -6.701793e+001 1.630651e+001 1.000000e+000
      vertex   -6.691444e+001 1.643756e+001 0.000000e+000
    endloop
  endfacet
  facet normal -8.604016e-001 5.096166e-001 0.000000e+000
    outer loop
      vertex   -6.691444e+001 1.643756e+001 0.000000e+000
      vertex   -6.691444e+001 1.643756e+001 1.000000e+000
      vertex   -6.682934e+001 1.658123e+001 0.000000e+000
    endloop
  endfacet
  facet normal -9.206499e-001 3.903893e-001 0.000000e+000
    outer loop
      vertex   -6.682934e+001 1.658123e+001 0.000000e+000
      vertex   -6.682934e+001 1.658123e+001 1.000000e+000
      vertex   -6.676415e+001 1.673496e+001 0.000000e+000
    endloop
  endfacet
  facet normal -9.644692e-001 2.641954e-001 0.000000e+000
    outer loop
      vertex   -6.676415e+001 1.673496e+001 0.000000e+000
      vertex   -6.676415e+001 1.673496e+001 1.000000e+000
      vertex   -6.672004e+001 1.689601e+001 0.000000e+000
    endloop
  endfacet
  facet normal -9.910775e-001 1.332870e-001 0.000000e+000
    outer loop
      vertex   -6.672004e+001 1.689601e+001 0.000000e+000
      vertex   -6.672004e+001 1.689601e+001 1.000000e+000
      vertex   -6.669778e+001 1.706150e+001 0.000000e+000
    endloop
  endfacet
  facet normal -1.000000e+000 0.000000e+000 0.000000e+000
    outer loop
      vertex   -6.669778e+001 1.706150e+001 0.000000e+000
      vertex   -6.669778e+001 1.706150e+001 1.000000e+000
      vertex   -6.669778e+001 1.722848e+001 0.000000e+000
    endloop
  endfacet
  facet normal -9.910775e-001 -1.332870e-001 0.000000e+000
    outer loop
      vertex   -6.669778e+001 1.722848e+001 0.000000e+000
      vertex   -6.669778e+001 1.722848e+001 1.000000e+000
      vertex   -6.672004e+001 1.739397e+001 0.000000e+000
    endloop
  endfacet
  facet normal -9.644692e-001 -2.641954e-001 0.000000e+000
    outer loop
      vertex   -6.672004e+001 1.739397e+001 0.000000e+000
      vertex   -6.672004e+001 1.739397e+001 1.000000e+000
      vertex   -6.676415e+001 1.755502e+001 0.000000e+000
    endloop
  endfacet
  facet normal -9.206499e-001 -3.903893e-001 0.000000e+000
    outer loop
      vertex   -6.676415e+001 1.755502e+001 0.000000e+000
      vertex   -6.676415e+001 1.755502e+001 1.000000e+000
      vertex   -6.682934e+001 1.770875e+001 0.000000e+000
    endloop
  endfacet
  facet normal -8.604016e-001 -5.096166e-001 0.000000e+000
    outer loop
      vertex   -6.682934e+001 1.770875e+001 0.000000e+000
      vertex   -6.682934e+001 1.770875e+001 1.000000e+000
      vertex   -6.691444e+001 1.785242e+001 0.000000e+000
    endloop
  endfacet
  facet normal -7.847994e-001 -6.197499e-001 0.000000e+000
    outer loop
      vertex   -6.691444e+001 1.785242e+001 0.000000e+000
      vertex   -6.691444e+001 1.785242e+001 1.000000e+000
      vertex   -6.701793e+001 1.798347e+001 0.000000e+000
    endloop
  endfacet
  facet normal -6.951924e-001 -7.188237e-001 0.000000e+000
    outer loop
      vertex   -6.701793e+001 1.798347e+001 0.000000e+000
      vertex   -6.701793e+001 1.798347e+001 1.000000e+000
      vertex   -6.713796e+001 1.809956e+001 0.000000e+000
    endloop
  endfacet
  facet normal -5.931797e-001 -8.050701e-001 0.000000e+000
    outer loop
      vertex   -6.713796e+001 1.809956e+001 0.000000e+000
      vertex   -6.713796e+001 1.809956e+001 1.000000e+000
      vertex   -6.727239e+001 1.819861e+001 0.000000e+000
    endloop
  endfacet
  facet normal -4.805818e-001 -8.769499e-001 0.000000e+000
    outer loop
      vertex   -6.727239e+001 1.819861e+001 0.000000e+000
      vertex   -6.727239e+001 1.819861e+001 1.000000e+000
      vertex   -6.741882e+001 1.827885e+001 0.000000e+000
    endloop
  endfacet
  facet normal -3.594078e-001 -9.331806e-001 0.000000e+000
    outer loop
      vertex   -6.741882e+001 1.827885e+001 0.000000e+000
      vertex   -6.741882e+001 1.827885e+001 1.000000e+000
      vertex   -6.757465e+001 1.833887e+001 0.000000e+000
    endloop
  endfacet
  facet normal -2.318202e-001 -9.727587e-001 0.000000e+000
    outer loop
      vertex   -6.757465e+001 1.833887e+001 0.000000e+000
      vertex   -6.757465e+001 1.833887e+001 1.000000e+000
      vertex   -6.773708e+001 1.837758e+001 0.000000e+000
    endloop
  endfacet
  facet normal -1.000957e-001 -9.949778e-001 0.000000e+000
    outer loop
      vertex   -6.773708e+001 1.837758e+001 0.000000e+000
      vertex   -6.773708e+001 1.837758e+001 1.000000e+000
      vertex   -6.790322e+001 1.839429e+001 0.000000e+000
    endloop
  endfacet
  facet normal 3.341498e-002 -9.994416e-001 0.000000e+000
    outer loop
      vertex   -6.790322e+001 1.839429e+001 0.000000e+000
      vertex   -6.790322e+001 1.839429e+001 1.000000e+000
      vertex   -6.807011e+001 1.838871e+001 0.000000e+000
    endloop
  endfacet
  facet normal 1.663294e-001 -9.860703e-001 0.000000e+000
    outer loop
      vertex   -6.807011e+001 1.838871e+001 0.000000e+000
      vertex   -6.807011e+001 1.838871e+001 1.000000e+000
      vertex   -6.823477e+001 1.836094e+001 0.000000e+000
    endloop
  endfacet
  facet normal 2.962756e-001 -9.551025e-001 0.000000e+000
    outer loop
      vertex   -6.823477e+001 1.836094e+001 0.000000e+000
      vertex   -6.823477e+001 1.836094e+001 1.000000e+000
      vertex   -6.839425e+001 1.831147e+001 0.000000e+000
    endloop
  endfacet
  facet normal 4.209348e-001 -9.070909e-001 0.000000e+000
    outer loop
      vertex   -6.839425e+001 1.831147e+001 0.000000e+000
      vertex   -6.839425e+001 1.831147e+001 1.000000e+000
      vertex   -6.854572e+001 1.824118e+001 0.000000e+000
    endloop
  endfacet
  facet normal 5.380824e-001 -8.428923e-001 0.000000e+000
    outer loop
      vertex   -6.854572e+001 1.824118e+001 0.000000e+000
      vertex   -6.854572e+001 1.824118e+001 1.000000e+000
      vertex   -6.868647e+001 1.815133e+001 0.000000e+000
    endloop
  endfacet
  facet normal 6.456279e-001 -7.636522e-001 0.000000e+000
    outer loop
      vertex   -6.868647e+001 1.815133e+001 0.000000e+000
      vertex   -6.868647e+001 1.815133e+001 1.000000e+000
      vertex   -6.881398e+001 1.804352e+001 0.000000e+000
    endloop
  endfacet
  facet normal 7.416521e-001 -6.707847e-001 0.000000e+000
    outer loop
      vertex   -6.881398e+001 1.804352e+001 0.000000e+000
      vertex   -6.881398e+001 1.804352e+001 1.000000e+000
      vertex   -6.892599e+001 1.791968e+001 0.000000e+000
    endloop
  endfacet
  facet normal 8.244416e-001 -5.659471e-001 0.000000e+000
    outer loop
      vertex   -6.892599e+001 1.791968e+001 0.000000e+000
      vertex   -6.892599e+001 1.791968e+001 1.000000e+000
      vertex   -6.902049e+001 1.778201e+001 0.000000e+000
    endloop
  endfacet
  facet normal 8.925188e-001 -4.510101e-001 0.000000e+000
    outer loop
      vertex   -6.902049e+001 1.778201e+001 0.000000e+000
      vertex   -6.902049e+001 1.778201e+001 1.000000e+000
      vertex   -6.909580e+001 1.763298e+001 0.000000e+000
    endloop
  endfacet
  facet normal 9.446691e-001 -3.280249e-001 0.000000e+000
    outer loop
      vertex   -6.909580e+001 1.763298e+001 0.000000e+000
      vertex   -6.909580e+001 1.763298e+001 1.000000e+000
      vertex   -6.915058e+001 1.747524e+001 0.000000e+000
    endloop
  endfacet
  facet normal 9.799617e-001 -1.991860e-001 0.000000e+000
    outer loop
      vertex   -6.915058e+001 1.747524e+001 0.000000e+000
      vertex   -6.915058e+001 1.747524e+001 1.000000e+000
      vertex   -6.918384e+001 1.731160e+001 0.000000e+000
    endloop
  endfacet
  facet normal 9.977669e-001 -6.679263e-002 0.000000e+000
    outer loop
      vertex   -6.918384e+001 1.731160e+001 0.000000e+000
      vertex   -6.918384e+001 1.731160e+001 1.000000e+000
      vertex   -6.919499e+001 1.714499e+001 0.000000e+000
    endloop
  endfacet
  facet normal -0.000000e+000 1.000000e+000 0.000000e+000
    outer loop
      vertex   -6.711999e+001 8.508999e+001 1.000000e+000
      vertex   -2.177999e+001 8.508999e+001 1.000000e+000
      vertex   -6.711999e+001 8.508999e+001 0.000000e+000
    endloop
  endfacet
  facet normal -0.000000e+000 1.000000e+000 0.000000e+000
    outer loop
      vertex   -6.711999e+001 8.508999e+001 0.000000e+000
      vertex   -2.177999e+001 8.508999e+001 1.000000e+000
      vertex   -2.177999e+001 8.508999e+001 0.000000e+000
    endloop
  endfacet
endsolid
